Chart Name,Subtitle,Date,LinkedIn Link,Image Filename,Image Path,Author,Description,Script Link,Chart ID,Status,Series,Notes
¿Los ecuatorianos más altos ganan más?,Un aumento de 1 cm se relaciona con ~3% más ingresos para mujeres y ~2% más para hombres,2026-02-13,https://www.linkedin.com/posts/elquantificador_ser-m%C3%A1s-alto-ganar-m%C3%A1s-en-ecuador-activity-7428098168682381312-lp-e?utm_source=share&utm_medium=member_desktop&rcm=ACoAAEdyHpgBsFTRSCYH4gXRCh9cyLd2dzqZFcQ,01_altura-ingresos_ensanut-2018.png,outputs/figures/01_altura-ingresos_ensanut-2018.png,El Quantificador,"La estatura está asociada con diferencias en ingresos laborales en Ecuador: cada centímetro adicional se relaciona con un aumento aproximado de 3% en los ingresos de las mujeres y de 2% en los de los hombres.

La pieza acompaña un análisis más amplio de Leonel Borja Plaza sobre desigualdad, mercado laboral y características personales que también influyen en los salarios.",https://github.com/elquantificador/graficos-el-quantificador/blob/main/scripts/plots/plot_ecuatorianos_altos.R,01,published,,
El amor no es gratis (y cada vez cuesta más),"En 10 años, los productos de San Valentin cuestan hasta 37% más",2026-02-14,https://www.linkedin.com/posts/elquantificador_la-inflaci%C3%B3n-tambi%C3%A9n-lleg%C3%B3-al-romance-en-activity-7428497177766776832-Yf7s?utm_source=share&utm_medium=member_desktop&rcm=ACoAAEdyHpgBsFTRSCYH4gXRCh9cyLd2dzqZFcQ,02_san-valentin_inflacion-ecuador.png,outputs/figures/02_san-valentin_inflacion-ecuador.png,El Quantificador,"La inflación también se siente en el consumo asociado a San Valentín. Comer fuera, comprar chocolates, ir al cine o regalar flores cuesta hoy bastante más que hace diez años.",https://github.com/elquantificador/graficos-el-quantificador/blob/main/scripts/plots/plot_san_valentin.R,02,published,,
La inactividad juvenil es mucho más alta entre las mujeres que entre los hombres,"Evolución mensual del porcentaje de inactividad laboral y educativa (15-34 años) por sexo en Ecuador, desde enero 2024",2026-02-25,https://www.linkedin.com/posts/elquantificador_conoces-a-alguien-que-hoy-no-est%C3%A9-trabajando-activity-7432062013708668928-6sYJ?utm_source=share&utm_medium=member_desktop&rcm=ACoAAEdyHpgBsFTRSCYH4gXRCh9cyLd2dzqZFcQ,03_inactividad-juvenil_sexo-ecuador.png,outputs/figures/03_inactividad-juvenil_sexo-ecuador.png,El Quantificador,"El patrón es claro: la desconexión simultánea del empleo y del sistema educativo afecta mucho más a las mujeres jóvenes.

La brecha apunta a restricciones estructurales, entre ellas la carga desigual de cuidados y trabajo doméstico, que reduce las posibilidades de estudiar, buscar empleo o sostener trayectorias laborales continuas.",https://github.com/elquantificador/graficos-el-quantificador/blob/main/scripts/plots/plot_evolucion_nini.R,03,published,,
"Solo los trabajadores con posgrados tienden a ganar más de USD 1,000 al mes","Ingresos por nivel educativo, enero 2026, personas de 15+ años",2026-02-28,https://www.linkedin.com/posts/elquantificador_ecuador-inec-datos-activity-7433215491592052737-4ae7?utm_source=share&utm_medium=member_desktop&rcm=ACoAAEdyHpgBsFTRSCYH4gXRCh9cyLd2dzqZFcQ,04_ingresos_nivel-educativo-ecuador.png,outputs/figures/04_ingresos_nivel-educativo-ecuador.png,El Quantificador,"Los datos de ingresos por nivel educativo muestran diferencias claras entre credenciales. En enero de 2026, la mediana salarial supera los USD 1,000 únicamente entre trabajadores con estudios de posgrado.

Los títulos tecnológicos, en cambio, no alcanzan en mediana ese umbral.",https://github.com/elquantificador/graficos-el-quantificador/blob/main/scripts/plots/plot_escolaridad_ingreso.R,04,published,,
El gobierno ecuatoriano no conoce con exactitud cuantas mujeres mueren por femicidio cada año,"Los femicidios en Ecuador han caído en los últimos años, pero las mujeres siguen muriendo en contexto delictivo",2026-03-08,https://www.linkedin.com/posts/elquantificador_8m-activity-7436395492579799040-vEBm?utm_source=share&utm_medium=member_desktop&rcm=ACoAAEdyHpgBsFTRSCYH4gXRCh9cyLd2dzqZFcQ,05_femicidios_contexto-delictivo-ecuador.png,outputs/figures/05_femicidios_contexto-delictivo-ecuador.png,El Quantificador,"En el marco del 8 de marzo persiste una pregunta clave: qué tan confiables son las cifras oficiales sobre femicidios en Ecuador. Aunque las series reportadas muestran descensos recientes, persisten problemas de medición y clasificación.

La pieza enlaza con una investigación previa de El Quantificador sobre las debilidades estadísticas e institucionales que dificultan una contabilidad precisa de las muertes violentas de mujeres.",https://github.com/elquantificador/graficos-el-quantificador/blob/main/scripts/plots/plot_femicidios.R,05,published,,
¿Cada vez es más difícil independizarse?,La proporción de adultos jóvenes en Ecuador que vive con sus padres y abuelos ha aumentado de 2010 a 2022,2026-03-16,https://www.linkedin.com/posts/elquantificador_ecuador-datos-censo-activity-7439014638308110337-idp5?utm_source=share&utm_medium=member_desktop&rcm=ACoAAEdyHpgBsFTRSCYH4gXRCh9cyLd2dzqZFcQ,06_jovenes_viven-con-padres-ecuador.png,outputs/figures/06_jovenes_viven-con-padres-ecuador.png,El Quantificador,"Entre 2010 y 2022 aumentó la proporción de personas de 20 a 29 años que sigue viviendo con sus padres o abuelos.

El patrón es consistente con un entorno de empleo frágil, mayor costo de vida y barreras crecientes para formar un hogar propio a edades tempranas.",https://github.com/elquantificador/graficos-el-quantificador/blob/main/scripts/plots/plot_padres_hijos_censo.R,06,published,,
Casi uno de cada tres niños indígenas padece de desnutrición en Ecuador,"Prevalencia de desnutrición crónica por etnia, niños y niñas en Ecuador (Ronda 2 ENDI 2023-2024",2026-03-23,https://www.linkedin.com/posts/elquantificador_en-ecuador-uno-de-cada-cinco-ni%C3%B1os-padece-activity-7441573280886571008-x5_t?utm_source=share&utm_medium=member_desktop&rcm=ACoAAEdyHpgBsFTRSCYH4gXRCh9cyLd2dzqZFcQ,07_desnutricion-cronica_etnia-ecuador.png,outputs/figures/07_desnutricion-cronica_etnia-ecuador.png,El Quantificador,"La desnutrición crónica afecta de forma desigual a la infancia ecuatoriana. Entre niños y niñas indígenas, la prevalencia supera ampliamente el promedio nacional y se acerca a uno de cada tres casos.",https://github.com/elquantificador/graficos-el-quantificador/blob/main/scripts/plots/plot_endi_desnutricion.R,07,published,,
Because they're nice? Los profesionales en Estrategia y Gestión de Proyectos tienen el mejor inglés del Ecuador,Puntaje EF EPI 2025 por función laboral,2026-03-29,https://www.linkedin.com/posts/elquantificador_ecuador-ingles-universidad-activity-7443729974655762433-C2ZG?utm_source=share&utm_medium=member_desktop&rcm=ACoAAEdyHpgBsFTRSCYH4gXRCh9cyLd2dzqZFcQ,08_ingles_funcion-laboral-ecuador.png,outputs/figures/08_ingles_funcion-laboral-ecuador.png,El Quantificador,"Ecuador se ubica por debajo del promedio mundial en dominio del inglés, pero el desempeño no es uniforme entre ocupaciones. De acuerdo con EF EPI 2025, los mejores puntajes corresponden al área de Estrategia y Gestión de Proyectos.

En el otro extremo aparecen estudiantes, personas desempleadas o sin categoría ocupacional definida, y técnicos o personal de mantenimiento.",https://github.com/elquantificador/graficos-el-quantificador/blob/main/scripts/plots/plot_ef_epi_job.R,08,published,,
"Colombia, Bolivia y Ecuador son los países más religiosos de Sudamérica","Porcentaje de personas para cada país que respondió que la religión es ""Muy importante"" en su vida. Encuesta Mundial de Valores (Ronda 7, 2017-2022)",2026-04-03,https://www.linkedin.com/posts/elquantificador_comiendo-fanesca-este-plato-forma-parte-activity-7445944067328356352-zUQX?utm_source=share&utm_medium=member_desktop&rcm=ACoAAEdyHpgBsFTRSCYH4gXRCh9cyLd2dzqZFcQ,09_religion_importancia_sudamerica.png,outputs/figures/09_religion_importancia_sudamerica.png,El Quantificador,"Con datos de la Encuesta Mundial de Valores, Ecuador aparece entre los países sudamericanos que más importancia asignan a la religión.

Esto ayuda a contextualizar por qué ciertas tradiciones y referencias religiosas siguen teniendo una presencia fuerte en la vida cotidiana y cultural del país.",https://github.com/elquantificador/graficos-el-quantificador/blob/main/scripts/plots/plot_wvs_religion_importance.R,09,published,,
La mujer ecuatoriana dedica 4 veces más tiempo a cocinar que el hombre,"Promedio de horas semanales dedicadas a cocinar, por sexo, Encuesta Multipropósito 2019",2026-04-09,https://www.linkedin.com/posts/elquantificador_ecuador-desigualdaddegaeznero-usodeltiempo-activity-7448061768872034305-IFwL?utm_source=share&utm_medium=member_desktop&rcm=ACoAAEdyHpgBsFTRSCYH4gXRCh9cyLd2dzqZFcQ,10_uso-del-tiempo_cocina-sexo-ecuador.png,outputs/figures/10_uso-del-tiempo_cocina-sexo-ecuador.png,Santiago Guamán,"Las mujeres siguen concentrando la mayor parte del tiempo destinado a cocinar en los hogares ecuatorianos. Aunque la participación de los hombres creció entre 2012 y 2019, la diferencia permanece amplia en todos los grupos analizados.",https://github.com/elquantificador/graficos-el-quantificador/blob/main/scripts/plots/plot_uso_tiempo.R,10,published,,
"Los empleados públicos ganan más, pero también pierden más por la inflación","Comparación de sueldos promedio públicos y privados, con ajustes para la inflación, 2019-2026",2026-04-17,https://www.linkedin.com/posts/elquantificador_ecuador-inflaciaejn-salarios-activity-7450913466736955393-4pta?utm_source=share&utm_medium=member_desktop&rcm=ACoAAEdyHpgBsFTRSCYH4gXRCh9cyLd2dzqZFcQ,11_salarios_publico-privado_inflacion-ecuador.png,outputs/figures/11_salarios_publico-privado_inflacion-ecuador.png,Dayanna Córdova Buitrón,"Los ingresos promedio del sector público superan de forma consistente a los del sector privado. Sin embargo, al observar la trayectoria reciente en términos reales, el poder adquisitivo de los salarios públicos se erosiona con mayor rapidez.",https://github.com/elquantificador/graficos-el-quantificador/blob/main/scripts/plots/plot_salario_real_vs_nominal.R,11,published,,
El camarón y el petróleo son los productos más exportados a Estados Unidos,"Top 10 productos exportados a E.E.U.U., 2024-2025",2026-04-24,https://www.linkedin.com/posts/elquantificador_ecuador-export%C3%B3-usd-683-mil-millones-a-eeuu-activity-7453431310284681217-ZsEj?utm_source=share&utm_medium=member_desktop&rcm=ACoAAEdyHpgBsFTRSCYH4gXRCh9cyLd2dzqZFcQ,12_exportaciones_eeuu_top10_2024-2025.png,outputs/figures/12_exportaciones_eeuu_top10_2024-2025.png,Guido Astudillo,"Estados Unidos sigue siendo un destino central para las exportaciones ecuatorianas. En 2025, el camarón y el petróleo encabezaron con claridad la canasta exportadora, seguidos por productos como cacao y otros bienes primarios.",https://github.com/elquantificador/graficos-el-quantificador/blob/main/scripts/plots/plot_exportaciones_eeuu.R,12,published,,
"Se desploma el empleo adecuado en marzo 2026, impactando a los más jóvenes","Variación interanual del nivel de empleo adecuado por grupo de edad, marzo de 2025 a marzo de 2026",2026-04-28,https://www.linkedin.com/posts/elquantificador_ecuador-trabajo-economaeda-activity-7454948651027836928-58V3?utm_source=share&utm_medium=member_desktop&rcm=ACoAAEdyHpgBsFTRSCYH4gXRCh9cyLd2dzqZFcQ,13_empleo-adecuado_edad_yoy_mar-2026.png,outputs/figures/13_empleo-adecuado_edad_yoy_mar-2026.png,Daniel Sánchez Pazmiño,Las cifras de marzo de 2026 muestran una contracción marcada del empleo adecuado en Ecuador frente al mismo mes del año anterior. El deterioro no fue homogéneo: afectó con especial intensidad a personas jóvenes y a trabajadores de mayor edad.,https://github.com/elquantificador/graficos-el-quantificador/blob/main/scripts/plots/plot_enemdu_empleo_adecuado_edad_nivel_yoy_mensual_raw.R,13,published,,
La prevalencia de anemia es alta incluso en los hogares más ricos del Ecuador,"Prevalencia de anemia en niños y niñas de 6 a 23 meses, por quintil de ingreso, ENDI Ronda 2 2023-2024",2026-05-06,https://www.linkedin.com/posts/elquantificador_ecuador-primerainfancia-anemiainfantil-activity-7457811653661724672-YGDh?utm_source=share&utm_medium=member_desktop&rcm=ACoAAEdyHpgBsFTRSCYH4gXRCh9cyLd2dzqZFcQ,14_anemia-infantil_quintil-ecuador.png,outputs/figures/14_anemia-infantil_quintil-ecuador.png,Daniel Sánchez Pazmiño,"La anemia infantil no se limita a los hogares más pobres. Aunque su prevalencia es más alta en los quintiles de menores ingresos, sigue siendo preocupantemente elevada incluso entre los hogares con más recursos.

El problema requiere una lectura más amplia que la sola pobreza monetaria, incorporando alimentación, cuidados, entorno sanitario y acceso efectivo a salud.",https://github.com/elquantificador/graficos-el-quantificador/blob/main/scripts/plots/plot_endi_anemia_quintil.R,14,published,,
"La infancia ecuatoriana crece bajo el cuidado, cariño y dedicación de sus madres","Proporción de niños y niñas menores de 5 años, por cuidador principal, ENDI Ronda 2 2023-2024",2026-05-10,https://www.linkedin.com/posts/elquantificador_el-cuidado-diario-de-la-infancia-ecuatoriana-activity-7459240898141437952-NF0L?utm_source=share&utm_medium=member_desktop&rcm=ACoAAEdyHpgBsFTRSCYH4gXRCh9cyLd2dzqZFcQ,15_cuidador-principal_infancia-ecuador.png,outputs/figures/15_cuidador-principal_infancia-ecuador.png,Daniel Sánchez Pazmiño,"La organización cotidiana del cuidado infantil en Ecuador sigue descansando sobre las madres. Según la ENDI 2023-2024, ellas son con mucha diferencia la principal figura de cuidado entre semana para niños y niñas menores de cinco años.

Esa distribución refleja la carga de cuidados que continúa recayendo de forma desproporcionada sobre las mujeres.",https://github.com/elquantificador/graficos-el-quantificador/blob/main/scripts/plots/plot_endi_cuidador_principal.R,15,published,,
Solo el 14% de hogares ecuatorianos ganan $1500 o más (el 60% gana $513 o menos),"Distribución del ingreso mensual de los hogares, ENEMDU 2026",2026-05-12,https://www.linkedin.com/posts/elquantificador_inec-ecuador-salarios-activity-7460023786357252096-TDYE?utm_source=share&utm_medium=member_desktop&rcm=ACoAAEdyHpgBsFTRSCYH4gXRCh9cyLd2dzqZFcQ,16_ingreso-hogar_distribucion-ecuador.png,outputs/figures/16_ingreso-hogar_distribucion-ecuador.png,El Quantificador,"El debate público suele recurrir a cifras de ingreso sin mirar su ubicación dentro de la distribución real: apenas alrededor del 14% de los hogares ecuatorianos supera los USD 1,500 mensuales.

Al mismo tiempo, la mediana y los percentiles inferiores recuerdan que buena parte del país vive con ingresos bastante más bajos, un dato clave para contextualizar cualquier discusión sobre costo de vida.",https://github.com/elquantificador/graficos-el-quantificador/blob/main/scripts/plots/plot_enemdu_ingreso_hogar_distribution.R,16,published,,
Los sectores mejor pagados del Ecuador apenas concentran 7% del empleo formal,"Top 5 industrias por salario mensual promedio, feb. 2026",2026-05-22,https://www.linkedin.com/posts/elquantificador_en-ecuador-los-sectores-que-mejor-pagan-activity-7463616291627651072-UMr-?utm_source=share&utm_medium=member_desktop&rcm=ACoAAEdyHpgBsFTRSCYH4gXRCh9cyLd2dzqZFcQ,17_salario-industrias_formal-ecuador.png,outputs/figures/17_salario-industrias_formal-ecuador.png,Dayanna Córdova Buitrón,"Los sectores con mejores salarios no son los que más puestos de trabajo generan. A febrero de 2026, las cinco actividades mejor remuneradas concentraban apenas una pequeña fracción del empleo formal nacional.

Esa tensión entre calidad salarial y capacidad de absorción laboral es central para entender la estructura del mercado de trabajo ecuatoriano.",https://github.com/elquantificador/graficos-el-quantificador/blob/main/scripts/plots/plot_reess_salario_industrias.R,17,published,,
El mayor crecimiento de personal de salud fue después de la reforma de salud de 2011,"Evolución del personal del MSP en Ecuador, 2006-2021",2026-05-28,https://www.linkedin.com/feed/update/urn:li:activity:7466179098231619584,18_personal-salud-publica-ecuador.png,outputs/figures/18_personal-salud-publica-ecuador.png,Odalis Clemente Pincay y Alonso Quijano-Ruiz,"La serie del Registro de Actividades y Recursos de Salud (RAS) sugiere que la expansión más fuerte del personal del Ministerio de Salud Pública ocurrió después de la reforma de salud de 2011, no inmediatamente después de la Constitución de 2008. El salto es especialmente visible entre médicos y enfermeros, cuyas trayectorias se aceleran con fuerza a partir de la primera mitad de la década de 2010.

Ese crecimiento no fue uniforme entre ocupaciones: mientras médicos y enfermeros aumentan de manera marcada entre 2006 y 2021, obstetrices y TAPS muestran escalas mucho menores, lo que ayuda a dimensionar dónde se concentró el refuerzo del sistema público de salud.",https://github.com/elquantificador/graficos-el-quantificador/blob/main/scripts/plots/plot_ras_personal_salud.R,18,published,,
¿Con qué juegan los niños y niñas en Ecuador?,"Porcentaje de niños menores a 5 años, por tipo de juguete, ENDI R2",2026-06-01,https://www.linkedin.com/posts/en-este-d%C3%ADa-del-ni%C3%B1o-desde-el-quantificador-share-7467305375982145536-W-Mi/?utm_source=share&utm_medium=member_desktop&rcm=ACoAADKOKmABJqp1SyO8Z3JuVg8xD5xqFvSEKv0,19_juguetes-infancia-ecuador.png,outputs/figures/19_juguetes-infancia-ecuador.png,Alonso Quijano-Ruiz y Daniel Sánchez Pazmiño,"El 97,2% de los niños y niñas menores de cinco años en Ecuador juega con juguetes comprados en un almacén o mercado. Más allá de ese dato, la ENDI 2023-2024 permite ver cómo se distribuyen los distintos tipos de juguete que forman parte de su día a día.

Los juguetes artesanales —muñecas de trapo, carritos caseros— y los objetos cotidianos como ollas, palos o piedras siguen siendo parte del juego infantil, junto con juguetes de construcción, de roles y artículos electrónicos. Las categorías no son excluyentes: un mismo niño o niña puede jugar con varios tipos a la vez.",https://github.com/elquantificador/graficos-el-quantificador/blob/main/scripts/plots/plot_endi_juguetes.R,19,published,,
¿En qué gasta el hogar ecuatoriano?,"Descomposición del ingreso monetario mensual del hogar promedio, ENIGHUR",2026-06-07,https://www.linkedin.com/feed/update/urn:li:activity:7469096436090068992,20_descomposicion-ingreso-hogar-ecuador.png,outputs/figures/20_descomposicion-ingreso-hogar-ecuador.png,El Quantificador,"Los nuevos datos de la ENIGHUR 2024-2025 permiten observar con más detalle cómo se compone el presupuesto del hogar ecuatoriano promedio. A partir de esta encuesta se puede ver no solo cuánto ingresan los hogares, sino también en qué se distribuyen esos recursos cada mes.

El hogar promedio recibe $889 mensuales de ingreso monetario y destina cerca del 77% de ese total a distintos tipos de gasto. Los alimentos y bebidas concentran la mayor parte, seguidos por transporte, vivienda y servicios básicos.",https://github.com/elquantificador/graficos-el-quantificador/blob/main/scripts/plots/plot_enighur_ingreso_gasto.R,20,published,enighur-gasto,
Los trabajadores informales ganan menos de la mitad que los trabajadores formales,"Ingresos laborales mensuales, por sector de ocupación, marzo 2026",2026-06-09,https://www.linkedin.com/posts/en-ecuador-la-brecha-de-ingresos-entre-trabajadores-share-7471222814444777473-kqaE/?utm_source=share&utm_medium=member_desktop&rcm=ACoAAEoPdE8BQw9Ky-A64i24fQ7c136mPye_U24,21_ingreso-laboral_sector-formal-informal-ecuador.png,outputs/figures/21_ingreso-laboral_sector-formal-informal-ecuador.png,Eddie Bryan Tomalá Figueroa,"En Ecuador, la brecha de ingresos entre trabajadores formales e informales sigue siendo amplia.

Según la ENEMDU de marzo de 2026, había 3,6 millones de trabajadores informales y 2,5 millones de trabajadores formales con ingreso laboral positivo. La mediana del ingreso laboral mensual fue de USD 200 entre los informales, frente a USD 500 entre los formales.

La diferencia también se observa en la parte alta de la distribución. Nueve de cada diez trabajadores informales ganan USD 480 o menos, un monto ligeramente inferior al Salario Básico Unificado de 2026, fijado en USD 482. Entre los trabajadores formales, nueve de cada diez ganan USD 700 o menos.

De acuerdo con la Organización Internacional del Trabajo (OIT), la informalidad suele estar asociada con déficits de trabajo decente, reflejados en menores ingresos, menor acceso a la seguridad social y mayor vulnerabilidad económica.",https://github.com/elquantificador/graficos-el-quantificador/blob/main/scripts/plots/plot_enemdu_ingreso_sector_laboral.R,21,published,,
"Más de 640 mil ecuatorianos apoyan a la Tricolor desde Norteamérica, en las buenas y en las malas","Cuántas personas nacidas en Ecuador viven en Canadá, Estados Unidos y México, según los datos más recientes disponibles",2026-06-15,https://www.linkedin.com/posts/ante-el-partido-de-ecuador-contra-costa-de-share-7472162966872686592-xkAh/?utm_source=share&utm_medium=member_desktop&rcm=ACoAAEoPdE8BQw9Ky-A64i24fQ7c136mPye_U24,22_mapa-valores_norteamerica.png,outputs/figures/22_mapa-valores_norteamerica.png,Daniel Sánchez,"En la previa del partido entre Ecuador y Costa de Marfil por la fase de grupos del Mundial 2026, miles de ecuatorianos se reunieron en Filadelfia, Estados Unidos, para acompañar a la Tricolor.

Esa escena también refleja el tamaño de la diáspora ecuatoriana en Norteamérica. Según los datos más recientes disponibles, alrededor de 622 mil personas nacidas en Ecuador viven en Estados Unidos, más de 16 mil en Canadá y cerca de 4.600 en México.

En conjunto, eso significa que más de 640 mil ecuatorianos apoyan a la selección desde Canadá, Estados Unidos y México. El gráfico compara esos estimados por país y toma en cuenta únicamente a personas nacidas en territorio ecuatoriano.

Fuentes: Statistics Canada (2021), U.S. Census Bureau (2024) e INEGI (2020).",https://github.com/elquantificador/graficos-el-quantificador/blob/main/scripts/plots/plot_norteamerica_mapa_placeholder.R,22,published,,
Como Ecuador conquistó las cinco grandes ligas de fútbol de Europa,"Minutos jugados en las cinco grandes ligas de fútbol de Europa, por jugador ecuatoriano, 2021/22 a 2025/26",2026-06-17,https://www.linkedin.com/posts/una-sola-temporada-en-una-de-las-cinco-grandes-share-7473447921779392512-e7RG/?highlightedUpdateUrn=urn%3Ali%3Aactivity%3A7474098756636917760&origin=SOCIAL_SHARE&utm_source=share&utm_medium=member_desktop&rcm=ACoAADKOKmABJqp1SyO8Z3JuVg8xD5xqFvSEKv0,23_ecuatorianos-big5_minutos-europa.png,outputs/figures/23_ecuatorianos-big5_minutos-europa.png,Eddie Bryan Tomalá Figueroa,"Una sola temporada en una de las cinco grandes ligas de fútbol europeo —la Premier League, La Liga, la Serie A, la Bundesliga y la Ligue 1— puede marcar la diferencia entre una carrera prometedora y una consolidada en la élite del fútbol mundial.

Para los futbolistas ecuatorianos, esas oportunidades fueron históricamente escasas, pero hoy son mucho más frecuentes. Los minutos acumulados por jugadores como Moisés Caicedo, Piero Hincapié, Pervis Estupiñán y Willian Pacho reflejan el crecimiento sin precedentes de la presencia ecuatoriana en la cima del fútbol europeo.

Entre las temporadas 2021/22 y 2025/26:
• Los minutos disputados por futbolistas ecuatorianos en las cinco grandes ligas aumentaron en 112,9%.
• El total de minutos pasó de 4,0 mil en 2021/22 a un máximo de 12,2 mil en 2022/23.
• El número de ecuatorianos con participación en estas ligas aumentó de 3 a 7 jugadores.
• Cuatro futbolistas —Moisés Caicedo, Piero Hincapié, Pervis Estupiñán y Willian Pacho— acumularon más de 7 mil minutos cada uno durante el período analizado.

Ecuador cada vez gana más confianza en la élite europea.

Sí se puede, Tricolor. 🇪🇨",https://github.com/elquantificador/graficos-el-quantificador/blob/main/scripts/plots/plot_fbref_ecuatorianos_big5.R,23,published,,
"A medida que crecen, menos niños viven en el hogar con su padre","Porcentaje de niñas, niños y adolescentes cuyo padre vive en el hogar, por grupo de edad, ENSANUT 2018",2026-06-21,https://www.linkedin.com/feed/update/urn:li:activity:7474528191605301249,24_menores-padre-hogar-ecuador.png,outputs/figures/24_menores-padre-hogar-ecuador.png,Alonso Quijano-Ruiz,"En los primeros años de vida, por diversos motivos y circunstancias, alrededor del 30% de los niños y niñas del Ecuador crecen sin estar acompañados de su padre en el hogar. Los datos de la ENSANUT 2018 muestran que cerca del 73% de los niños de 1 a 5 años viven con su padre.

A medida que crecen, aumenta la probabilidad de que vivan sin la presencia del padre en el hogar: entre los adolescentes de 16 a 18 años, este porcentaje se reduce al 57%. En este Día del Padre, reconocemos el valor del acompañamiento paterno y de todas las personas que contribuyen al bienestar y desarrollo de niños, niñas y adolescentes. 💙",https://github.com/elquantificador/graficos-el-quantificador/blob/main/scripts/plots/plot_ensanut_menores_padre_hogar.R,24,published,,
Uno de cada tres ecuatorianos preferiría no tener a un homosexual como vecino,"Porcentaje de hombres y mujeres que preferirían no tener a un homosexual como vecino, WVS Ecuador 2013 y 2018",2026-06-23,https://www.linkedin.com/company/elquantificador/,25_homosexualidad-vecinos-ecuador.png,outputs/figures/25_homosexualidad-vecinos-ecuador.png,Alonso Quijano-Ruiz,"🏳🌈 En la Semana del Orgullo, compartimos datos sobre cómo han evolucionado las actitudes hacia la diversidad sexual en Ecuador.

Según la World Values Survey, en 2018 alrededor de uno de cada tres ecuatorianos preferiría no tener a una persona homosexual como vecino. Entre 2013 y 2018, esta actitud disminuyó, especialmente entre las mujeres, donde pasó de 40% a 28%. Entre los hombres, la reducción fue más moderada, de 37% a 35%.

Los datos sugieren avances en la aceptación social, aunque una proporción importante de la población todavía expresa actitudes de exclusión hacia las personas LGBTQ+.

🏆 Además, te recordamos que el concurso Ecuador Quantificado 2026 cierra este 27 de junio. Si te apasionan los datos y quieres contar historias sobre la realidad ecuatoriana mediante visualizaciones, aún estás a tiempo de participar por una de las tres becas de DataCamp.",https://github.com/elquantificador/graficos-el-quantificador/blob/main/scripts/plots/plot_wvs_homosexualidad_vecinos.R,25,published,,
La mayoría de ecuatorianos discrepa con que las parejas homosexuales sean tan buenos padres,"Respuesta a la afirmación ""Las parejas homosexuales son tan buenos padres como otras parejas"", WVS Ecuador 2018",2026-06-25,https://www.linkedin.com/feed/update/urn:li:activity:7475909355037659137,26_homoparentalidad-opinion-ecuador.png,outputs/figures/26_homoparentalidad-opinion-ecuador.png,Alonso Quijano-Ruiz,"🏳🌈 En la Semana del Orgullo, compartimos datos sobre las actitudes de los ecuatorianos hacia las familias diversas.

Según la World Values Survey de 2018, el 44% de los ecuatorianos estaba en desacuerdo con la afirmación de que las parejas homosexuales son tan buenos padres como otras parejas. En contraste, el 29% se mostró de acuerdo, mientras que un 19% se declaró indiferente y un 9% no tuvo una posición definida.

Los datos reflejan que, aunque existe una proporción importante de ecuatorianos que respalda la igualdad de las familias homoparentales, las opiniones contrarias seguían siendo predominantes en el país en 2018.",https://github.com/elquantificador/graficos-el-quantificador/blob/main/scripts/plots/plot_wvs_homosexualidad_padres.R,26,published,,
La aceptación paterna es la más difícil de conseguir para la población LGBTI+,"Aceptación de la orientación sexual o identidad de género, por tipo de relación, ENCV LGBTI+ 2025",2026-06-26,https://github.com/aquijanoruiz/LGBTI/blob/main/scripts/tabulados.R,27_a_aceptacion-orientacion-identidad-lgbti-ecuador.png,outputs/figures/27_a_aceptacion-orientacion-identidad-lgbti-ecuador.png,Alonso Quijano-Ruiz,"La aceptación de la orientación sexual o identidad de género no se distribuye igual entre los círculos cercanos. Los resultados de la ENCV LGBTI+ 2025 muestran niveles muy altos de aceptación total entre amigas/os y hermanas/os, mientras que entre madre y padre aumenta el peso de la aceptación parcial y del rechazo total. El gráfico resume estas diferencias con proporciones ponderadas por el factor de expansión de la encuesta.",https://github.com/elquantificador/graficos-el-quantificador/blob/main/scripts/plots/plot_lgbti_aceptacion_orientacion_identidad.R,27_a,published,,
Los padres son quienes menos saben sobre la identidad LGBTI+ de sus hijos,"Porcentaje que conoce la orientación sexual o identidad de género, por tipo de relación, Ecuador, ENCV LGBTI+ 2025",2026-06-26,https://www.linkedin.com/feed/update/urn:li:activity:7476620393395625984,27_b_quienes-conocen-orientacion-identidad-lgbti-ecuador.png,outputs/figures/27_b_quienes-conocen-orientacion-identidad-lgbti-ecuador.png,Alonso Quijano-Ruiz,"Los datos de la ENCV LGBTI+ 2025 revelan que los padres son quienes menos conocen la orientación sexual o identidad de género de sus hijos LGBTI+. El gráfico muestra el porcentaje de personas en cada tipo de relación que conocen esta información, con proporciones ponderadas por el factor de expansión de la encuesta.",https://github.com/elquantificador/graficos-el-quantificador/blob/main/scripts/plots/plot_lgbti_conocen_orientacion_identidad.R,27_b,published,,
La mayoría de desempleados no encuentra empleo después de un año,"Transiciones desde el desempleo, 2022-2023",2026-06-30,https://www.linkedin.com/feed/update/urn:li:activity:7478169842626260993,28_transicion-laboral_desempleo-zona-ecuador.png,outputs/figures/28_transicion-laboral_desempleo-zona-ecuador.png,Angel Alava,"¿Qué ocurre con quienes pierden su empleo en Ecuador?

Los datos muestran que recuperar un trabajo no es el desenlace más frecuente. De las 298.284 personas que estaban desempleadas a finales de 2022:

- 40,7% consiguió empleo un año después.
- 17,0% continuó desempleado.
- 42,3% dejó de buscar trabajo y salió de la fuerza laboral.

Este último grupo merece especial atención. Cuando una persona deja de buscar empleo, deja de ser contabilizada como desempleada en las estadísticas oficiales, aunque siga sin trabajar. Por eso, una reducción en la tasa de desempleo no siempre implica una mejora equivalente en el mercado laboral.

Comprender las transiciones laborales permite ir más allá de las tasas tradicionales y observar cómo evolucionan realmente las trayectorias de las personas.",https://github.com/elquantificador/graficos-el-quantificador/blob/main/scripts/plots/plot_enemdu_transicion_laboral_desempleo_zona.R,28,published,,
El Ecuador rural hace menos actividad física que el Ecuador urbano,"Prevalencia de actividad física insuficiente en adultos, por grupo de edad y zona de residencia, diciembre 2024",2026-07-01,https://www.linkedin.com/feed/update/urn:li:activity:7479906818241089536/,29_actividad-fisica-insuficiente_area-edad-ecuador.png,outputs/figures/29_actividad-fisica-insuficiente_area-edad-ecuador.png,Joan Mogro Ponce,"Los datos del módulo de actividad física de la ENEMDU a diciembre 2024 muestran que, en los tres grupos de edad analizados, la prevalencia de actividad física insuficiente es menor en las zonas rurales que en las urbanas.

Entre las personas de 18 a 29 años, el 22,8% de quienes viven en áreas urbanas no alcanza las recomendaciones mínimas de la OMS, frente al 19,4% en áreas rurales. La diferencia también se observa entre quienes tienen 30 a 44 años (18,7% vs. 15,1%) y entre los 45 a 69 años (23,1% vs. 18,6%).

Estos resultados cuestionan la idea de que la población rural es necesariamente menos activa. Las diferencias en ocupación, transporte, trabajo físico y estilo de vida probablemente desempeñan un papel importante.",https://github.com/elquantificador/graficos-el-quantificador/blob/main/scripts/plots/plot_enemdu_actividad_fisica_insuficiente.R,29,published,,
Qué productos fueron los más afectados por la guerra comercial entre Ecuador y Colombia?,"Comparación entre el arancel anterior y la Tasa por Servicio de Control Aduanero (TSCA) para cinco productos importados desde Colombia, marzo 2026",2026-07-08,https://www.linkedin.com/posts/qu%C3%A9-productos-fueron-los-m%C3%A1s-afectados-por-share-7481008043762032641-35-V/?utm_source=share&utm_medium=member_desktop&rcm=ACoAAEoPdE8BQw9Ky-A64i24fQ7c136mPye_U24,30_aranceles-colombia-ecuador.png,outputs/figures/30_aranceles-colombia-ecuador.png,Angel Alava,"Qué productos fueron los más afectados por la guerra comercial entre Ecuador y Colombia?

En mayo de 2026, en el punto más álgido de la guerra comercial entre ambos países, Ecuador reemplazó los aranceles vigentes para importaciones colombianas por la Tasa por Servicio de Control Aduanero (TSCA). La medida elevó la carga aplicada a numerosos productos hasta un equivalente del 75%, independientemente del arancel que enfrentaban previamente.

Como resultado, productos de consumo cotidiano registraron fuertes incrementos: los extractos y preparaciones de café, el agua y otras preparaciones alimenticias pasaron de 30% a 75%; los extractos vegetales de 20% a 75%; y el azúcar y la melaza de apenas 5% a 75%.

Elaboración: Angel Alava Gonzalez",https://github.com/elquantificador/graficos-el-quantificador/blob/main/scripts/plots/plot_aranceles_colombia.R,30,published,,
La gasolina es fundamentalmente un gasto de hogares ricos,"Gasto mensual promedio por hogar en gasolina y transporte público, por quintil de ingreso, ENIGHUR 2024-2025",2026-07-11,https://www.linkedin.com/feed/update/urn:li:activity:7482106445761806336,31_gasolina-vs-transporte-publico_quintil-ingreso-ecuador.png,outputs/figures/31_gasolina-vs-transporte-publico_quintil-ingreso-ecuador.png,Daniel Sánchez,"Los nuevos datos de la ENIGHUR 2024-2025 muestran que el gasto en gasolina está fuertemente concentrado en los hogares de mayores ingresos.

Mientras el 20% más pobre gasta en promedio USD 2,8 al mes en gasolina, el 20% más rico destina USD 55,7, cerca de 20 veces más. En cambio, el gasto en transporte público presenta una distribución mucho menos desigual entre quintiles de ingreso.

Estos resultados constituyen un insumo relevante para el debate sobre los subsidios a los combustibles y las políticas de movilidad, al mostrar quiénes son los principales consumidores de gasolina en el país.",https://github.com/elquantificador/graficos-el-quantificador/blob/main/scripts/plots/plot_enighur_gasolina_transporte_quintiles.R,31,published,enighur-gasolina,31_a publicado. Compara gasolina vs transporte público.
El peso de la gasolina en el presupuesto del hogar cambió mucho entre 2012 y 2025,"Gasolina como porcentaje del gasto monetario del hogar, por quintil de ingreso, ENIGHUR 2011-2012 y 2024-2025",,,31_b_gasolina-share_quintil-ingreso-2012-2025.png,outputs/figures/31_b_gasolina-share_quintil-ingreso-2012-2025.png,Daniel Sánchez,"Comparación entre la ENIGHUR 2011-2012 y la ENIGHUR 2024-2025 de la participación de la gasolina dentro del gasto monetario del hogar, por quintil de ingreso. Incluye nota explicativa sobre qué representan los quintiles en cada ronda.",https://github.com/elquantificador/graficos-el-quantificador/blob/main/scripts/plots/plot_enighur_gasolina_share_quintiles_years.R,31_b,draft,enighur-gasolina,Draft formal. Comparación de shares entre encuestas; pendiente decisión editorial final antes de publicar.
"Excel, Power BI y SQL dominan la demanda de habilidades técnicas en Ecuador","Porcentaje de ofertas que menciona cada herramienta técnica; cinco principales, Ecuador, junio-julio de 2026",2026-07-17,https://www.linkedin.com/feed/update/urn:li:activity:7483923599221882880,32_habilidades-demandadas-ecuador.png,outputs/figures/32_habilidades-demandadas-ecuador.png,Daniel Sánchez,"¿Qué habilidades técnicas están buscando las empresas ecuatorianas para trabajar en análisis de datos?

Analizamos 745 ofertas laborales publicadas en Multitrabajos, Computrabajo y Mipleo entre junio y julio de 2026. Entre las herramientas de software mencionadas, tres destacan con claridad:

📊 Excel aparece en el 69% de las ofertas.
📈 Power BI, en el 24%.
💾 SQL, en el 14%.

SAP y Python también aparecen, aunque con menor frecuencia. Los resultados muestran que, para ingresar al mercado laboral de datos, las herramientas más demandadas no son necesariamente las más avanzadas. Las empresas siguen valorando, ante todo, la capacidad de organizar, analizar y comunicar información con herramientas de uso cotidiano.

Estas son precisamente algunas de las competencias que se desarrollan en New Dimensions, el programa de formación de Laboratorio LIDE en análisis de datos, inteligencia de negocios e inteligencia artificial.

Conoce el programa en newdimensions.academy.",https://github.com/elquantificador/graficos-el-quantificador/blob/main/scripts/plots/plot_jobs_habilidades_mensuales.R,32,published,mercado-laboral-datos,
"En 2050, Ecuador proyecta más del doble de adultos mayores y 30% menos niños","Porcentaje de cada grupo etario respecto a la población total, 1950-2050",2026-07-28,https://www.linkedin.com/feed/update/urn:li:activity:7488256958114746368,34_composicion-edad-poblacion-2050-ecuador.png,outputs/figures/34_composicion-edad-poblacion-2050-ecuador.png,Eddie Bryan Tomalá Figueroa,"Ecuador está envejeciendo más rápido de lo que muchos imaginan. Las proyecciones poblacionales del INEC muestran que, para 2050, la estructura demográfica del país será muy distinta a la actual.

La proporción de niños y adolescentes de 0 a 14 años será aproximadamente 30% menor que la de hoy.

En contraste, la población de 65 años y más representará más del doble de su peso actual dentro de la población total.

Estos cambios tendrán implicaciones profundas para el mercado laboral, el sistema de pensiones, la demanda de servicios de salud, la educación, la vivienda y las finanzas públicas. Comprender la transición demográfica es fundamental para diseñar políticas que respondan a los desafíos de las próximas décadas.

📖 ¿Qué implican estos cambios para la economía, el mercado laboral, el sistema de pensiones y la salud? Lee nuestro análisis completo: https://laboratoriolide.org/es/research/2025-09-05-aging-ecuador/",https://github.com/elquantificador/graficos-el-quantificador/blob/main/scripts/plots/plot_inec_proyecciones_edades.R,34,published,,Adaptado al house style a partir del script y datos de Eddie Bryan Tomalá Figueroa (repo Github-Eddie-Tomala).
La semana laboral de los trabajadores formales cada vez se acerca más al estándar de 40 horas,"Horas semanales promedio trabajadas, por sexo, ENEMDU mensual de diciembre 2018-2025, sector formal",2026-07-22,https://www.linkedin.com/feed/update/urn:li:activity:7485780387395284992,33_a_horas-promedio_sector-formal-ecuador.png,outputs/figures/33_a_horas-promedio_sector-formal-ecuador.png,Eddie Bryan Tomalá Figueroa,"¿Trabajamos menos horas que antes? Los datos muestran que sí, aunque la realidad es distinta entre quienes tienen un empleo formal y quienes trabajan en la informalidad. En el sector formal, la jornada laboral promedio ha disminuido de forma sostenida y hoy se acerca al estándar de 40 horas semanales. En cambio, en el sector informal las jornadas siguen siendo considerablemente más cortas, especialmente entre las mujeres. Estas diferencias reflejan que la duración de la jornada no depende únicamente de las preferencias de los trabajadores, sino también de las condiciones del mercado laboral. Jornadas más cortas pueden responder a una mayor productividad, pero también a dificultades para encontrar empleo a tiempo completo o a una menor disponibilidad de trabajo.",https://github.com/elquantificador/graficos-el-quantificador/blob/main/scripts/plots/plot_enemdu_horas_sector_formal_linea.R,33_a,published,enemdu-horas-sector,"Serie basada en microdatos ENEMDU de diciembre para 2018-2025. La franja gris señala el periodo de la pandemia."
La jornada laboral en el sector informal permanece muy por debajo de las 40 horas,"Horas semanales promedio trabajadas, por sexo, ENEMDU mensual de diciembre 2018-2025, sector informal",2026-07-22,https://www.linkedin.com/feed/update/urn:li:activity:7485780387395284992,33_b_horas-promedio_sector-informal-ecuador.png,outputs/figures/33_b_horas-promedio_sector-informal-ecuador.png,Eddie Bryan Tomalá Figueroa,"¿Trabajamos menos horas que antes? Los datos muestran que sí, aunque la realidad es distinta entre quienes tienen un empleo formal y quienes trabajan en la informalidad. En el sector formal, la jornada laboral promedio ha disminuido de forma sostenida y hoy se acerca al estándar de 40 horas semanales. En cambio, en el sector informal las jornadas siguen siendo considerablemente más cortas, especialmente entre las mujeres. Estas diferencias reflejan que la duración de la jornada no depende únicamente de las preferencias de los trabajadores, sino también de las condiciones del mercado laboral. Jornadas más cortas pueden responder a una mayor productividad, pero también a dificultades para encontrar empleo a tiempo completo o a una menor disponibilidad de trabajo.",https://github.com/elquantificador/graficos-el-quantificador/blob/main/scripts/plots/plot_enemdu_horas_sector_informal_linea.R,33_b,published,enemdu-horas-sector,"Serie basada en microdatos ENEMDU de diciembre para 2018-2025. La franja gris señala el periodo de la pandemia."
Las habilidades en comunicación y organización son las competencias más solicitadas por empleadores ecuatorianos,"Porcentaje de ofertas que menciona cada competencia; cinco principales, Ecuador, junio-julio de 2026",2026-08-06,https://www.linkedin.com/feed/update/urn:li:activity:7491236343864438784,35_habilidades-blandas-demandadas-ecuador.png,outputs/figures/35_habilidades-blandas-demandadas-ecuador.png,Daniel Sánchez,"¿Qué competencias buscan los empleadores ecuatorianos en perfiles vinculados a datos?

En nuestra revisión de ofertas laborales, las habilidades más mencionadas fueron comunicación, organización y planificación, proactividad, orientación a resultados y trabajo en equipo.

Esto muestra que, además del manejo técnico, las empresas valoran la capacidad de coordinar, comunicar hallazgos y desenvolverse de forma efectiva dentro de un equipo.

Lee el análisis completo en El Quantificador: https://lnkd.in/e4c7Bquv

Y si eres estudiante y quieres desarrollar estas competencias junto con herramientas prácticas para el mercado laboral, conoce nuestra oferta formativa en: https://lnkd.in/gsgs9AYP",https://github.com/elquantificador/graficos-el-quantificador/blob/main/scripts/plots/plot_jobs_habilidades_blandas.R,35,published,mercado-laboral-datos,"Companion del gráfico 32 (habilidades técnicas), mismos cortes de datos. El diccionario de ""Organización y planificación"" se ajustó para excluir menciones de ""organización"" como sustantivo referido a la empresa (ej. ""nuestra organización""), que antes inflaban el conteo (56% -> 32%)."
Casi el 90% de Morona Santiago trabaja en la informalidad,"Porcentaje de personas con empleo en el sector informal, por provincia, 2025",2026-08-13,https://www.linkedin.com/feed/update/urn:li:activity:7493720348916391936,36_a_ranking-informalidad_provincia-ecuador.png,outputs/figures/36_a_ranking-informalidad_provincia-ecuador.png,Juan Diego Sotomayor Jiménez,"La informalidad en Ecuador no es una sola.

El promedio nacional dice que el 51,5% del empleo está en el sector informal. Pero ese número esconde diferencias enormes entre provincias.

En Morona Santiago, la informalidad llega al 87,4%. En Napo, al 81,5%. En el otro extremo, Pichincha registra 28,4% y Galápagos 16,2%.

Y hay otra dimensión importante: las provincias con mayor informalidad también tienden a registrar más empleo no remunerado. La correlación provincial entre ambas variables es 0,74.

Esto importa porque hablar de informalidad como un único fenómeno puede ocultar mercados laborales muy distintos. En algunas provincias, el problema está estrechamente vinculado con formas de trabajo familiar o no remunerado; en otras, la estructura laboral es muy diferente.

Entender esas diferencias territoriales es clave para diagnosticar el problema y diseñar mejores políticas laborales.

📊 Datos: ENEMDU anual 2025, INEC. 📌 Cada punto del segundo gráfico representa una provincia. La correlación describe una asociación, no causalidad.",https://github.com/elquantificador/graficos-el-quantificador/blob/main/scripts/plots/plot_enemdu_informalidad_provincial.R,36_a,published,ecuador-quantificado-2026,Segundo gráfico de la composición original presentada por Juan Diego Sotomayor Jiménez; adaptado al house style como pieza separada de la misma serie.
Las provincias con más empleo informal tienen más empleo no remunerado,"Informalidad y empleo no remunerado, por provincia, 2025",2026-08-13,https://www.linkedin.com/feed/update/urn:li:activity:7493720348916391936,36_b_informalidad-empleo-no-remunerado_provincia-ecuador.png,outputs/figures/36_b_informalidad-empleo-no-remunerado_provincia-ecuador.png,Juan Diego Sotomayor Jiménez,"La informalidad en Ecuador no es una sola.

El promedio nacional dice que el 51,5% del empleo está en el sector informal. Pero ese número esconde diferencias enormes entre provincias.

En Morona Santiago, la informalidad llega al 87,4%. En Napo, al 81,5%. En el otro extremo, Pichincha registra 28,4% y Galápagos 16,2%.

Y hay otra dimensión importante: las provincias con mayor informalidad también tienden a registrar más empleo no remunerado. La correlación provincial entre ambas variables es 0,74.

Esto importa porque hablar de informalidad como un único fenómeno puede ocultar mercados laborales muy distintos. En algunas provincias, el problema está estrechamente vinculado con formas de trabajo familiar o no remunerado; en otras, la estructura laboral es muy diferente.

Entender esas diferencias territoriales es clave para diagnosticar el problema y diseñar mejores políticas laborales.

📊 Datos: ENEMDU anual 2025, INEC. 📌 Cada punto del segundo gráfico representa una provincia. La correlación describe una asociación, no causalidad.",https://github.com/elquantificador/graficos-el-quantificador/blob/main/scripts/plots/plot_enemdu_informalidad_provincial.R,36_b,published,ecuador-quantificado-2026,Primer gráfico de la composición original presentada por Juan Diego Sotomayor Jiménez; adaptado al house style como pieza separada de la misma serie.
"NINIs: ¿por qué dejaron de estudiar?","Jóvenes de 15 a 29 años, por sexo y nivel educativo, Ecuador, 2025",2026-08-16,https://www.linkedin.com/feed/update/urn:li:activity:7494844500129816576,37_a_ninis-razones-estudio-ecuador.png,outputs/figures/37_a_ninis-razones-estudio-ecuador.png,Valeria Lizeth Marcayata Ojeda,"Ser NINI no significa lo mismo para hombres y mujeres. En Ecuador, entre jóvenes de 15 a 29 años que no estudian ni trabajan, las razones muestran brechas claras por sexo: 🔹 Entre los hombres, las razones más frecuentes para no trabajar son buscar empleo (35%) y no tener deseos o necesidad de trabajar (28%). 🔸 Entre las mujeres, 66% señala que no tiene tiempo para trabajar. El cuidado de hijos (22%) y los quehaceres del hogar (13%) también tienen un peso mucho mayor. Las diferencias aparecen también al dejar los estudios: el cuidado de hijos representa 22% entre las mujeres y menos de 1% entre los hombres. 📊 Fuente: INEC, ENEMDU anual 2025. Elaboración: Valeria Lizeth Marcayata Ojeda. Adaptación: El Quantificador. #Ecuador #Empleo #Educación #Juventud #Datos #ElQuantificador",https://github.com/elquantificador/graficos-el-quantificador/blob/main/scripts/plots/plot_enemdu_nini_razones_sexo.R,37_a,published,ecuador-quantificado-2026,"Adaptado al formato vertical a partir de la entrega del concurso. La recodificación corrige p09: 16 = recursos tecnológicos y 17 = otra razón; recursos tecnológicos se integra en Otra razón por representar menos de 0,1%."
"NINIs: ¿por qué no trabajan?","Jóvenes de 15 a 29 años, por sexo y nivel educativo, Ecuador, 2025",2026-08-16,https://www.linkedin.com/feed/update/urn:li:activity:7494844500129816576,37_b_ninis-razones-trabajo-ecuador.png,outputs/figures/37_b_ninis-razones-trabajo-ecuador.png,Valeria Lizeth Marcayata Ojeda,"Ser NINI no significa lo mismo para hombres y mujeres. En Ecuador, entre jóvenes de 15 a 29 años que no estudian ni trabajan, las razones muestran brechas claras por sexo: 🔹 Entre los hombres, las razones más frecuentes para no trabajar son buscar empleo (35%) y no tener deseos o necesidad de trabajar (28%). 🔸 Entre las mujeres, 66% señala que no tiene tiempo para trabajar. El cuidado de hijos (22%) y los quehaceres del hogar (13%) también tienen un peso mucho mayor. Las diferencias aparecen también al dejar los estudios: el cuidado de hijos representa 22% entre las mujeres y menos de 1% entre los hombres. 📊 Fuente: INEC, ENEMDU anual 2025. Elaboración: Valeria Lizeth Marcayata Ojeda. Adaptación: El Quantificador. #Ecuador #Empleo #Educación #Juventud #Datos #ElQuantificador",https://github.com/elquantificador/graficos-el-quantificador/blob/main/scripts/plots/plot_enemdu_nini_razones_sexo.R,37_b,published,ecuador-quantificado-2026,"Adaptado al formato vertical a partir de la entrega del concurso. La pregunta p34 se interpreta según la documentación de la ENEMDU anual 2025; los valores faltantes representan a quienes sí buscan trabajo."
"La mayor cantidad de asesinatos en Ecuador se registra a las 21:00","Asesinatos por hora del día en Ecuador, 2017-2025",2026-08-19,https://www.linkedin.com/feed/update/urn:li:activity:7495871292999368706,38_hora-asesinatos-ecuador.png,outputs/figures/38_hora-asesinatos-ecuador.png,Angel Alava,"La violencia homicida en Ecuador tiene una hora pico: las 21:00.

Entre 2017 y 2025, los asesinatos registrados alcanzan su mayor concentración a esa hora, que representa el 7,4% de los casos con hora disponible.

Los registros aumentan durante la tarde y alcanzan su máximo durante la noche.

Elaboración: Angel Alava González para El Quantificador.

#Ecuador #Seguridad #ElQuantificador",https://github.com/elquantificador/graficos-el-quantificador/blob/main/scripts/plots/plot_homicidios_hora.R,38,published,homicidios-hora,"Fuente: repositorio LIDE-Grafico_Horas, commit cb2b375. Se incluyen registros tipificados como asesinato de 2017 a 2025; el archivo de origen llega hasta mayo de 2026."
"Aunque el presupuesto de la Policía aumentó 34%, las muertes intencionales aumentaron 10 veces","Casos registrados y presupuesto liquidado de la Policía Nacional, 2017-2025",,,39_crimen-desapariciones-ecuador.png,outputs/figures/39_crimen-desapariciones-ecuador.png,Angel Alava González,"En Ecuador, las muertes intencionales pasaron de 970 casos en 2017 a 9.282 en 2025, mientras el presupuesto liquidado de la Policía Nacional subió de USD 1,20 mil millones a USD 1,61 mil millones.

La serie de muertes intencionales reúne asesinatos, homicidios, femicidios y sicariatos.

Elaboración: Angel Alava González para El Quantificador.

#Ecuador #Seguridad #ElQuantificador",https://github.com/elquantificador/graficos-el-quantificador/blob/main/scripts/plots/plot_crimen_desapariciones.R,39,draft,crimen-desapariciones,"Fuente: LIDE-Grafico_Crimen, commit 6ce297f. Años completos de 2017 a 2025; la serie combina casos registrados y presupuesto policial en ejes distintos."
"La crisis de las desapariciones revela menos hallazgos y más fatalidad","Porcentaje de denuncias anuales que permanecen sin resolver o culminan en muerte, 2017-2025",,,40_desapariciones-fatalidad-ecuador.png,outputs/figures/40_desapariciones-fatalidad-ecuador.png,Eddie Bryan Tomalá Figueroa,"Cada vez más denuncias de desaparición permanecen sin resolver: la proporción pasó de 0,8% en 2017 a 10,5% en 2025.

Los casos que terminan en fallecimiento también aumentaron, de 1,7% a 5,9% en el mismo periodo. En 2025, ambos desenlaces sumaron 16,4% de las denuncias registradas.

Elaboración: Eddie Bryan Tomalá Figueroa para El Quantificador.

#Ecuador #Seguridad #ElQuantificador",https://github.com/elquantificador/graficos-el-quantificador/blob/main/scripts/plots/plot_desaparecidos_fatalidad.R,40,draft,desaparecidos-fatalidad,"Fuente: Github-Eddie-Tomala, commit 407ebdf. El denominador es el total anual de denuncias con estado disponible; ENCONTRADO queda incluido en el denominador."
