periodo,pais_origen,fob_millones_usd,cif_millones_usd
2024-01,Colombia,141.671842299,145.550708922
2024-02,Colombia,139.186808036,142.923561641
2024-03,Colombia,182.977156652,187.222817139
2024-04,Colombia,160.426269697,164.875199555
2024-05,Colombia,170.726362606,175.272466266
2024-06,Colombia,150.518108277,154.516944273
2024-07,Colombia,172.638463061,177.107316763
2024-08,Colombia,214.168842001,218.44299357
2024-09,Colombia,225.218271006,229.163737566
2024-10,Colombia,150.779590968,155.035759337
2024-11,Colombia,177.352272492,181.294869207
2024-12,Colombia,226.026130866,230.578066518
2025-01,Colombia,165.960849825,169.956438366
2025-02,Colombia,147.181400757,151.237374711
2025-03,Colombia,142.006028835,145.955662304
2025-04,Colombia,153.090271264,157.284844249
2025-05,Colombia,146.592387818,150.635863152
2025-06,Colombia,161.032956551,165.107138482
2025-07,Colombia,160.485185305,164.999253822
2025-08,Colombia,155.910436762,160.047688133
2025-09,Colombia,165.704782258,170.463997672
2025-10,Colombia,169.583940539,173.997086581
2025-11,Colombia,149.403488452,153.385172744
2025-12,Colombia,191.624788634,196.811822396
2026-01,Colombia,183.723032136,188.48353051
2026-02,Colombia,65.187862551,67.257049222
2026-03,Colombia,59.357159253,61.204482261
2026-04,Colombia,129.345169689,133.351676941
2026-05,Colombia,64.186447061,65.969153088
2026-06,Colombia,101.526868117,105.141673488
2026-07,Colombia,129.761418213,134.061481476
