periodo,pais_destino,fob_millones_usd
2024-01,Colombia,66.047293918
2024-02,Colombia,66.131914013
2024-03,Colombia,59.57086794
2024-04,Colombia,73.23712246
2024-05,Colombia,73.205346262
2024-06,Colombia,67.842809474
2024-07,Colombia,70.52080964
2024-08,Colombia,72.282922171
2024-09,Colombia,70.31101105
2024-10,Colombia,73.35378266
2024-11,Colombia,79.154128
2024-12,Colombia,78.61583316
2025-01,Colombia,66.65361538
2025-02,Colombia,74.517025335
2025-03,Colombia,68.085799099
2025-04,Colombia,71.374785344
2025-05,Colombia,68.551710979
2025-06,Colombia,77.28443342
2025-07,Colombia,85.79782907
2025-08,Colombia,72.039357101
2025-09,Colombia,67.914689724
2025-10,Colombia,77.076822561
2025-11,Colombia,79.11267876
2025-12,Colombia,77.635281938
2026-01,Colombia,87.338993034
2026-02,Colombia,59.68533239
2026-03,Colombia,53.50992748
2026-04,Colombia,62.796983852
2026-05,Colombia,50.182875431
2026-06,Colombia,65.286341464
2026-07,Colombia,82.107720903
