"ingreso_monetario_hogar","fexp"
596.916666666667,136.74183814568
1625.10666666667,136.74183814568
2298.23,136.74183814568
3432.6,205.89359005779
2208.4,205.89359005779
1575,307.66913582778
1868.33,220.459868522099
2613.13666666667,182.9171688191
900,126.570957622447
865.166666666667,163.641871879256
2506.66666666667,163.641871879256
1212.33333333333,113.600911690257
866.666666666667,137.406553177903
2202.5,137.406553177903
1603.66666666667,151.467882253676
1403.93333333333,151.467882253676
920.503333333333,151.467882253676
859,151.467882253676
3466.66666666667,162.643187316548
1044,126.421699417704
490,188.833966963082
1933.5,188.833966963082
833.33,408.616786929443
861.663333333333,166.024339950046
1257.49,166.024339950046
1068.99666666667,133.535946046131
3270.73333333333,89.8006101255211
2815,405.537289009787
580,111.205520285909
929.3,86.3629216276609
2204.93333333333,429.834886191459
620,124.676381838708
1113.33333333333,124.676381838708
675,96.8712223253053
878,123.263950196429
742.24,123.263950196429
612.7,143.09657743449
2868.95,279.893449954438
543.333333333333,279.893449954438
2418.02666666667,103.533106024586
786.83,103.533106024586
486.67,80.9288429841779
1434.16666666667,92.894571162526
440,99.5692996206406
2427.71666666667,99.5692996206406
2506.70333333333,109.720995877372
2566.67,166.188636690856
3200.67,194.78988383117
4104,154.485211571782
1545.83,154.485211571782
3314.66666666667,161.51391027352
3574.16666666667,161.51391027352
1960.00333333333,161.51391027352
816.326666666667,121.924124650815
500,162.787902554381
2246.67,162.787902554381
1817.91666666667,165.075732536226
772.858333333333,119.928982901191
754.1,119.928982901191
771.666666666667,149.323341455405
1085,149.323341455405
600,84.5653084559682
1667,84.5653084559682
858,116.833255217429
2270.83666666667,116.016239446678
1428.13333333333,149.979644761581
912.933333333333,149.979644761581
10227.3333333333,137.12424663916
844,294.413823666432
689.166666666667,294.413823666432
2526.66666666667,294.413823666432
1845.75,301.223754912253
979.166666666667,152.122211115318
1197.5,136.74183814568
812.79,182.118140067634
1286.16,182.118140067634
1206,137.345685530518
2247.66666666667,161.882791171231
5995.83666666667,162.754946945545
1537.91666666667,114.63509373898
842.5625,114.63509373898
1188.33,128.774855943205
2189.50333333333,128.774855943205
616.64,118.083921625788
363.33,103.575030687392
468.333333333333,107.936084611072
690,137.79840488496
775,212.333281202109
889.446666666667,256.040661766712
916.67,256.040661766712
434.083333333333,121.924124650815
800,174.561471389678
874,109.345305678494
643.5,109.345305678494
436.253333333333,130.296525800589
1283.75,131.968472370596
1103.64666666667,249.978715112097
1782.33333333333,249.978715112097
3672.17,147.879089512819
706.15,135.739000152613
1161.33333333333,135.739000152613
1480,60.7640031299587
197.333333333333,149.948755401713
799.166666666667,149.948755401713
448.05,70.7793024676987
715.233333333333,81.8626523183003
1398.33,81.8626523183003
1253.66333333333,59.2445727407556
1360,80.1275122275834
537.663333333333,97.9848228641561
1080,87.6368929728947
435,60.9166127795768
2096.59333333333,67.5350130331567
2034.42333333333,70.1756410394028
805,74.1933945998059
575,74.1933945998059
950,72.080896834586
450.45,83.1738346970653
1075.73,84.2884477868421
673.05,74.4306156902387
1718,156.409619292459
740.9,96.2085401346651
748.333333333333,96.2085401346651
281.67,72.0807606460298
1954.17,158.492123136057
512.333333333333,158.492123136057
1344.66666666667,63.064385409835
2169.98666666667,159.734039026302
259.716666666667,65.81426745
471,61.8278288331716
316.366666666667,79.0392613069875
968.33,67.3911063899082
1310.5,67.3911063899082
320,68.6046384383772
637,71.4173960405697
455,65.541154449793
635.476666666667,67.8439021775223
1757,67.8439021775223
448.336666666667,74.3067522511172
716.653333333333,74.3067522511172
625,74.3067522511172
4251.83,46.6859888974132
618.77,46.6859888974132
1014.17,118.101919485741
343.366666666667,29.5822213093013
1643.83666666667,29.5822213093013
2232.39666666667,42.0745565246891
183.663333333333,54.9542818805914
5840.09666666667,104.123902510594
1070.37666666667,54.0865826930032
907.153333333333,60.5720779027976
1460.02666666667,60.5720779027976
1350.26666666667,57.6264605139928
544.458333333333,57.6264605139928
395.166666666667,57.6264605139928
148.166666666667,42.4130749382987
932.333333333333,59.8133108104212
774.89,59.8133108104212
655,56.7498890019489
947.646666666667,56.7498890019489
1786.11666666667,56.7498890019489
624.723333333333,47.435675917834
746.75,43.6284535494896
813.4,43.6284535494896
761,43.6284535494896
1626.90333333333,43.6284535494896
487.163333333333,51.6741577571044
262.15,40.4598412240349
857.01,52.5788968988849
735.166666666667,52.5788968988849
177.666666666667,61.4989586605331
457.336666666667,58.2704269755683
440.583333333333,44.5520945337254
1258.58333333333,55.8666847305547
753.643333333333,67.8701865887018
155.416666666667,40.3647162054831
726.958333333333,40.8983222619309
2437.14,58.4604501454416
775,54.7116375862758
634.166666666667,68.277512824682
147.458333333333,47.5203767840904
95,56.888466584483
509.166666666667,66.8528929642179
708.33,66.8528929642179
907.363333333333,54.8911882018895
1611.685,67.644316535159
2642.05333333333,67.644316535159
349.666666666667,69.9419978701495
309.5,69.9419978701495
298.583333333333,48.6779244237028
1062.67,56.7108597902117
2296.38666666667,56.7108597902117
172.073333333333,109.505148180537
1393.84666666667,65.0855792579692
355.016666666667,58.7643514815555
503.333333333333,93.2652669630609
651.293333333333,44.8185493415167
348,58.4368840620682
1152.28,58.122894834272
2412.33333333333,60.0425150946822
2910.33,60.0425150946822
722,61.8395622013892
517.833333333333,100.860361133759
704.44,100.860361133759
340.125,51.7689002923351
195,51.7689002923351
212.5,61.0761108161869
320,59.6941671695548
575,51.9648445737259
741.17,59.268058859572
477.5,57.3141668092565
400,57.3141668092565
697.5,92.4338719220765
1044.94666666667,58.7765584511196
705,58.7765584511196
1637.41333333333,70.82327287939
1746.75,69.5930919608895
1298.68333333333,52.3799857755864
888.13,52.3799857755864
4825.83,52.3799857755864
1388.58333333333,52.3799857755864
886.666666666667,57.877083213265
803.333333333333,52.7088753095376
433.333333333333,59.1049251301032
1220.00333333333,68.3052710759086
743.5,68.3052710759086
2722.26666666667,174.783851581453
584.05,69.9411295663695
491.916666666667,69.0085811721513
808,70.3356692716157
1270.83,59.4535468560072
1180.15666666667,59.4535468560072
793.65,73.4607476993869
791.666666666667,73.4607476993869
350,96.3516039007395
2808.25333333333,96.3516039007395
3655.58333333333,63.1973322313385
610.666666666667,63.1973322313385
459.25,148.659951572722
1224.83333333333,58.4743699337321
1023.3,64.1516567869927
410,64.2489227331085
1287.22833333333,64.2489227331085
5931.85666666667,76.6664888384496
943.333333333333,124.872670692464
775,73.8683404096267
418.941666666667,58.8141316808107
704.996666666667,113.918927649266
717.7,59.3042494448175
751.67,63.6307138823786
1899.75,79.100344961011
2481.83,53.8155335140885
488.7,44.3869359981431
1616.33333333333,44.3869359981431
1568.29333333333,119.342795955254
535,63.6248434040862
550.333333333333,63.6248434040862
400,143.388955693641
591.25,143.388955693641
1163.62166666667,143.388955693641
1522.33333333333,62.7350737928648
1210.7,62.7350737928648
250,131.028951592692
592.083333333333,69.6843522997135
505.45,69.6843522997135
699.336666666667,60.0947625336979
1866.66666666667,60.0947625336979
328.333333333333,60.0947625336979
455,60.0947625336979
313.541666666667,59.9085484901094
1491.33,56.1563330802038
581,121.741872772817
982.67,114.473443267049
1105.23333333333,68.2724320032759
600,51.8775250926033
1222.92,51.8775250926033
546.9,51.8775250926033
558.333333333333,71.0942126067393
760,71.0942126067393
362.2,68.9166087652601
460.833333333333,62.7117913174489
907.503333333333,62.7117913174489
1003.25333333333,60.167917283039
956.67,50.4952085932706
502.5,48.391241568551
614.8,63.9591727937012
1273.83333333333,63.9591727937012
466.666666666667,59.9285047021314
455,59.9285047021314
613.333333333333,59.9285047021314
708.42,71.3634933189837
450,112.788218689968
552.64,58.260687988285
430.833333333333,51.1957456903046
827.36,60.5527171436152
791.67,60.5527171436152
570,60.5527171436152
427.5,56.7681723221393
1800.76666666667,53.7589976592096
4859.09,54.2759110982405
449.166666666667,86.8035761555991
1250,86.8035761555991
1262.6,50.8576125498106
1810,112.372486745839
1051.21666666667,103.382687806172
417.77,44.799164716008
1111.3,46.801622182524
1487.6,53.1011078277158
1708.9,52.0402115985983
1910.83333333333,50.5297406693089
600,50.8576125498106
1172.00666666667,49.1698149322039
2407.09333333333,51.6913439030862
543.708333333333,54.7542383329936
521.9,54.9148079468734
257.4,46.9322042854231
698.5,47.0952141163786
770,59.6246498122659
9057.7,89.2117913118828
455,147.905558245927
561.54,56.7250190675598
371.166666666667,56.7250190675598
1190.66666666667,57.2270103867418
881.916666666667,57.2270103867418
343.2,57.2270103867418
507.4,54.0477320319227
490,50.3633346861512
4359.83333333333,50.3633346861512
438.75,50.3633346861512
333.85,48.8523259399015
159,53.9341863763935
320,53.9341863763935
1288.25,52.8727813355766
350,104.080423197197
574.583333333333,48.4117385847437
150,48.4117385847437
468.333333333333,96.5558611463544
809.4,56.0070547389624
631.633333333333,56.0070547389624
1606.60333333333,122.468722478081
343,47.2487854667581
489.625,47.2487854667581
557.7,73.5841483796874
538.256666666667,55.9263965143158
1074.27333333333,53.5708060573806
415,53.5708060573806
1091.66666666667,73.5672820511494
1178.33333333333,73.5672820511494
612,73.5672820511494
132,45.1273637249165
1367.91333333333,46.5222095127776
520,46.5222095127776
7902.23,46.5222095127776
1115,123.99185583794
820,123.99185583794
1517.49666666667,51.2658634714561
384.9,63.5855670963797
626.816666666667,50.2669685829488
944.093333333333,50.2669685829488
360.36,50.8684536771038
214.208333333333,50.8684536771038
180.666666666667,50.8684536771038
767,52.295310675062
1029.73333333333,52.295310675062
1055.45,52.295310675062
458.34,45.3055959799562
4305.33333333333,136.031418132419
503.333333333333,136.031418132419
2326.9125,166.142225083485
764.833333333333,170.51536832885
557.5,132.690770368689
640,132.690770368689
545.623333333333,170.351332380482
630.626666666667,185.88048943101
1576.73,185.88048943101
1626.8,185.88048943101
2370.80333333333,105.133905540683
806.5,109.121959902591
679.13,144.331978964494
1071.99333333333,104.085561753241
913.34,104.085561753241
3813.52333333333,148.877445669689
964.5,155.865936923124
979.416666666667,128.60270341159
707.933333333333,128.60270341159
175.833333333333,128.60270341159
2491.67,128.60270341159
643.893333333333,128.60270341159
575.233333333333,150.626745766044
2925,174.759792157005
504,149.164350176083
3536.76666666667,142.418434339468
565.833333333333,134.262288985304
1026.64666666667,156.961027123887
878.93,152.91481813738
425.58,152.91481813738
1530.05,139.263675471413
908.018333333333,139.263675471413
1244.68333333333,139.263675471413
538.7,150.59792695348
1994.54,133.96017528545
2251.45,133.96017528545
500,133.679488957124
493.05,108.712878519543
985.116666666667,149.091947683945
276.426666666667,149.091947683945
693.39,133.117810432094
508.08,126.641073750038
995.026666666667,126.641073750038
814.0875,132.670246032909
963.33,132.670246032909
538.5,106.608848098774
456.033333333333,106.608848098774
1798.75,97.3362969628788
1796.53333333333,97.3362969628788
390,71.199698704328
938.47,149.880793967987
956.23,220.638945566758
336.666666666667,220.638945566758
1186.46,136.428323009409
1973.65666666667,136.428323009409
342.34,113.996420479992
736.433333333333,125.349687847474
531.9,141.185556518887
250,141.185556518887
411.333333333333,177.578724450589
1118.5,337.168967253121
1460.785,100.136382772799
500,116.39339445558
960.996666666667,111.75755302064
895.988333333333,111.75755302064
350,149.091947683945
565.166666666667,133.028168808907
971.746666666667,133.028168808907
733.1,147.149633560079
742.7625,98.8869759685631
591.083333333333,101.762112863634
2081.67,133.87174910603
515.5,133.87174910603
628.57,133.87174910603
2012.3,135.311230279213
376.83,241.365978335893
400,110.960569409342
583,148.032012315113
260,128.961389346872
925.458333333333,122.765158201135
1402.08333333333,126.685020912705
194.583333333333,141.610631312708
962.493333333333,141.610631312708
225,129.321901728269
557.4,301.386789537191
1016.83333333333,301.386789537191
3100,301.386789537191
355,111.63889802421
129.291666666667,213.899467336057
309.44,213.899467336057
682.5,136.527480137534
4639.44333333333,193.606714811511
1450.33,125.226470856807
1846.96,148.706434142458
882.63,206.84729561169
372.33,70.9416462133018
780.796666666667,144.335705045995
3663.75,144.335705045995
2239.99,174.463900317157
596.666666666667,174.463900317157
1969.06916666667,93.6660434556114
484,178.77294845752
1526.98,178.77294845752
2134.32,113.985564886183
1416.16333333333,127.507085392278
401.67,127.507085392278
613.33,144.438570683138
2113.52333333333,26.1363959733217
761.666666666667,141.220069036888
452.913333333333,163.6482289606
1389.63,150.208519335816
570,90.7237624214896
1803.82,93.9786108976213
436.5,149.210598608259
940,149.210598608259
517.5,170.229733820972
1079.16666666667,170.229733820972
1324.17,150.394536078028
861.723333333333,89.1297204110719
2275,153.015491075031
2207.65333333333,153.015491075031
809.58,131.148777663296
351.586666666667,142.10485449231
430,142.10485449231
136,164.094802778712
1664.25,283.075636179913
949.563333333333,283.075636179913
558.533333333333,120.721305360396
1538.17666666667,115.953286490186
225.833333333333,115.953286490186
926.293333333333,115.953286490186
845.19,117.499809852183
1621.16666666667,361.960043790535
657.4,216.009751445428
817.336666666667,216.009751445428
1141.08,216.009751445428
1958.18333333333,133.30887517775
2075.53333333333,133.30887517775
1324.71,133.30887517775
771.741666666667,156.408901126505
442.283333333333,156.408901126505
114,156.408901126505
603.833333333333,105.337319305709
1711.73,118.751622037245
249.683333333333,102.933472475413
464.166666666667,125.489881567248
311.141666666667,82.4346496921943
545,82.4346496921943
1287.185,121.722625590563
675,121.722625590563
1144.07083333333,113.438724682316
550,130.170047233133
656.666666666667,133.526179401603
775.825,245.673046890703
664.026666666667,245.673046890703
1220.83,104.140468560815
307.775833333333,118.538547019791
191.5625,118.538547019791
331.4,112.565674495538
558.583333333333,115.174889104357
528.208333333333,112.384534329683
1638.35,122.238049987542
438.84,122.238049987542
2109.55,174.002818240209
2768.33,162.712559041417
4237.00333333333,111.120772028285
766.08,111.120772028285
1469.89666666667,129.075306754883
328,129.075306754883
1286.53833333333,108.475039360945
354.5,108.475039360945
1897.74,106.362978560588
417.33,119.359961085161
576.083333333333,104.937461942658
898.77,114.960257502198
974.233333333333,98.1323646053832
1176.51666666667,61.5400751933875
655,124.545390272332
1115,124.545390272332
515,134.343110443171
1201.1,123.011127692199
800,123.011127692199
641.67,63.8253308397665
480,65.3129791153203
5869.77333333333,65.3129791153203
1200,71.8589160844
798.33,59.9047341021598
548.35,52.375723805167
2145,60.5947170788958
519.746666666667,43.8239929407457
465,62.5706506152863
2692.66333333333,62.0225782370846
2196.49666666667,72.445925552416
1807.66666666667,72.445925552416
667.5,66.5608156690664
1913.33,66.5608156690664
1189.16666666667,52.6045156094235
316.666666666667,46.6690776530236
689.166666666667,52.375723805167
2637,52.375723805167
1922.01,52.375723805167
557.5,68.1842501975803
1324.5,74.3993781878472
1755,111.138635790638
643.5,60.8687289185506
819.996666666667,67.4571826879249
355.836666666667,67.4571826879249
983.923333333333,67.4571826879249
1399.17,60.0678245906749
654.333333333333,60.0678245906749
780.52,61.0272412334426
416.19,47.3304376860795
1372.5,59.1651694836146
1084.13,66.5608156690664
2131.3,66.5608156690664
688.13,112.951687195992
600,70.139354145898
986.91,59.606700599164
720.996666666667,56.7724604236155
2351.32,53.8537508595174
790.916666666667,61.2809996840532
2260,70.2951871375787
838.666666666667,61.2359504155411
1354.79666666667,108.915863074825
480,108.915863074825
608.75,64.1550030545219
1696.795,70.7318032067562
1493.95,70.7318032067562
1698.5,68.6850970202069
782.496666666667,68.6850970202069
667.5,71.0228805862078
623,55.4673463908887
440,47.0733541194599
315.84,51.7806895314059
425,51.7806895314059
554,46.9841051781645
450.85,70.9982033803375
739.76,54.3579994630709
410.35,73.0021849273632
4102.68,73.0021849273632
571,73.0021849273632
1251.33333333333,113.00095887686
835.003333333333,60.3484728732869
579.166666666667,68.3357707535749
470,64.7832939124066
465,57.851923899282
669.6,57.851923899282
1236,56.0322601478905
360.733333333333,56.0322601478905
6175,74.3846193348046
1694.17,74.3846193348046
550,145.31900868474
390,57.5661108489223
680,68.6886697865588
487.916666666667,368.613070086614
593.583333333333,368.613070086614
425,334.030372388099
558.923333333333,217.693409034204
455.58,375.217941086962
696.666666666667,375.217941086962
671.666666666667,143.09885714163
421.666666666667,162.598863791398
1125,157.215954304233
579,170.944955280968
1212.83666666667,170.944955280968
429,170.944955280968
232.5,147.208937605103
808.33,147.208937605103
500,158.45975141107
1121.34666666667,135.46253589144
1075.83,137.228675578708
200,139.225384110646
600.5,126.983509799874
2280.23,167.750530651633
720.8,158.299796530415
667.256666666667,186.896170503422
500,184.443177516001
2083.33333333333,184.443177516001
849.66,205.337131218985
604.83,145.502049336174
587.933333333333,184.864690389255
926.666666666667,464.194152653549
1075.83333333333,464.194152653549
625,158.835783094533
1614.47666666667,152.742006380438
586.363333333333,335.190005293501
400,234.332594555062
475,146.566453561822
829.166666666667,291.281002871589
392.246666666667,148.06160759791
471.9,172.406863861832
580.973333333333,361.550546835342
1346.25,361.550546835342
1036.91666666667,190.683092232523
798.616666666667,407.044462875589
665.333333333333,191.461390568166
730,183.36046832978
723.45,91.859528271251
355,38.1311054038408
842.193333333333,36.9081239008714
548.616666666667,34.7567192296089
1204.66666666667,34.7567192296089
571,35.5567460149451
498.33,34.2607511474454
620,32.4346902672914
488,37.2644893719353
332.5,29.3099998490274
269.67,30.0633228211018
742.5,55.4898055394208
972.956666666667,42.5158645010506
1709.01666666667,39.5074955721613
581.286666666667,44.7138258105749
722.666666666667,28.1852980517693
400,37.6977973878881
990,34.4079896052315
277.4,75.2496849336696
1130.3,80.595290967209
148,39.3953597769048
514.8,39.3953597769048
1259.51333333333,34.6174933640424
340,44.3918444315367
1093.65,33.4459101881441
830.7,33.4459101881441
621.020833333333,34.2087690063813
277.33,35.4301105791607
1129.16666666667,39.459417272477
1233.60666666667,33.4384717842676
334.583333333333,38.4298329625762
214.5,42.4758965908264
550,43.2107282896482
2221.76666666667,35.0979492921717
508.33,35.5281263189691
423.333333333333,34.7567192296089
607.55,33.0187272631265
442.73,29.3073785335305
412.75,44.9336577958776
790.666666666667,44.9336577958776
985.833333333333,33.6603862274814
568.666666666667,33.6603862274814
677.5,34.5408389859467
1223.58333333333,34.5408389859467
735.893333333333,40.7263438398131
1199.36666666667,31.0560228533384
700,31.30194158634
500,31.30194158634
296.67,31.30194158634
882.766666666667,29.376955873811
1672.95,41.2686730856191
180,36.9855102383767
1579.90666666667,37.8553639391436
1037.86,37.8553639391436
982.466666666667,40.039327243325
1216.90333333333,40.039327243325
657.666666666667,38.9691516764527
4009.16666666667,36.5307886467854
734.996666666667,42.536403566027
1023.33,42.536403566027
1177.28333333333,42.536403566027
1906.66666666667,47.2825707007626
1114.45333333333,47.2825707007626
470,47.2825707007626
255,39.8062107825849
1075.89666666667,33.9348593546143
1498.89333333333,33.9348593546143
742.52,60.5343333157318
2957.45666666667,37.9271957492748
419.083333333333,38.020792684418
4136.56333333333,37.2903585072161
700,24.4807965615092
266.67,29.8467893431733
305,34.9246260857906
602.766666666667,104.322160765256
149.396666666667,104.322160765256
486.666666666667,104.322160765256
1164.58333333333,77.1214246480086
338.4,61.6556354324904
257.96,45.2139156247133
749.67,45.4834471634597
756.17,45.4834471634597
223,31.4243343198154
129.403333333333,31.4243343198154
475.83,33.4418561384243
240,33.4418561384243
55,33.4418561384243
586.666666666667,39.1692744984147
245.15,26.3713927316059
429,26.3713927316059
600,51.9969619143284
250,14.3555715823377
1433.94333333333,48.718049017492
678.33,43.0329104183264
647,100.177880101794
631.166666666667,131.849467306531
318.166666666667,120.511373899051
299.833333333333,120.511373899051
560,141.905827582716
429.166666666667,141.905827582716
1077.83333333333,141.905827582716
547.083333333333,191.45548190135
202.166666666667,116.582023624298
650,119.200895169481
279.17,119.200895169481
457.4,135.003647733653
425,122.706803850937
786.67,139.771031197931
416.333333333333,118.258824854209
74.5833333333333,107.404150109137
1348.16333333333,113.838500115675
235,97.1637548860479
406.83,163.212995077786
1296.00666666667,146.122829835471
392.5,145.237670403107
2533.18333333333,128.767244682599
380,159.346479041361
460,159.346479041361
588.333333333333,260.438930622397
180,135.81141397094
192.5,135.81141397094
383.915,123.670922780533
764.333333333333,123.670922780533
360,123.670922780533
570,192.134090750789
452,192.134090750789
1043.73333333333,140.897839462262
283.233333333333,230.560908900947
162.916666666667,285.705394040987
321.75,285.705394040987
644.416666666667,285.705394040987
335.836666666667,125.362795276282
684.8,116.784218005266
655,141.378480686109
370,145.067526245655
700,134.462566899103
210,127.66570534199
419.17,121.927920832238
761.67,168.666957151262
610.36,168.666957151262
100,136.142240660697
1237.05,118.02307508835
400,94.0248775991592
360,262.054038803615
428,147.870031647607
250,163.024753687673
366.666666666667,163.024753687673
400,88.4481916088623
882.5,88.4481916088623
300.3,104.821589215423
108.333333333333,138.761395043912
1118.49666666667,115.246938868827
378.94,119.584400580342
400,133.807670344299
147.5,143.132776629148
250,124.183800602663
368.333333333333,110.104597311881
579.15,110.104597311881
646.67,110.104597311881
470.666666666667,106.807915644337
248.05,106.807915644337
359,149.399517675654
1153.33333333333,1826.67443309511
2416.83333333333,1826.67443309511
1745.10333333333,444.194087412848
914.17,444.194087412848
1390.83,528.575043086257
1936.8,528.575043086257
3733.66333333333,484.094399979462
544.64,404.831940162853
368.333333333333,352.693614780241
293.05,352.693614780241
559.666666666667,352.693614780241
939.746666666667,317.02796834179
1046.47,317.02796834179
340.67,275.04758287535
471.33,275.04758287535
643.5,275.04758287535
884.456666666667,376.206522432257
1228.6,352.693614780241
1586.54083333333,352.693614780241
433.166666666667,269.418733512684
1201.76666666667,363.736395312708
365.67,363.736395312708
577.75,684.330894349721
441.1,684.330894349721
501.5,331.946931557874
739.716666666667,331.946931557874
400,331.946931557874
603.08,331.946931557874
655,688.182662985836
350,688.182662985836
1531.67,415.097321502697
275,369.581267822142
460,369.581267822142
501.73,369.581267822142
1172.91333333333,318.403957787718
797.453333333333,318.403957787718
543.3,329.566164630717
656.916666666667,329.566164630717
1155,339.945652800232
421.33,857.316786696586
775.006666666667,300.266185556151
1063.83666666667,355.966190724255
470,323.302480215221
240.2,323.302480215221
620.583333333333,361.975025695511
343.2,319.731594707321
390,388.319232434811
1209.01333333333,388.319232434811
932.466666666667,388.319232434811
2583.08666666667,657.0797329932
801.4,322.677136926604
1006.16,322.677136926604
719.786666666667,322.677136926604
558.253333333333,233.320391316159
553.913333333333,381.698686439262
1472.18333333333,430.168360907739
500,386.297465793951
480,399.660977565815
534.963333333333,376.322648602089
696.666666666667,407.489138225698
414.5,454.901174249531
1045.33,306.690099808905
701.68,403.142432868434
602.796666666667,403.142432868434
429,406.577361482778
1201.43,538.595866900968
1446.35333333333,404.972996587997
450,404.972996587997
1627.41333333333,628.898743292428
300,628.898743292428
880.796666666667,475.717538777631
1455.46333333333,475.717538777631
3287.90666666667,455.740629616189
2325.76666666667,719.774365200114
825.413333333333,733.23146230629
2905.46666666667,480.506904987473
200,349.890462569323
495.6,418.05094229062
365,418.05094229062
1120,701.500288591075
1495.78333333333,499.506922994589
536.083333333333,499.506922994589
2702.64666666667,471.281031215823
538.33,422.59497427204
1031.25,355.959296398577
480,355.959296398577
520.003333333333,286.274014829446
855,369.770602488035
1645.79666666667,415.377982301549
872.98,311.38577051624
475.58,311.38577051624
960,735.123396105245
470,335.89484406655
1261.21333333333,311.720593925397
1146.67,311.720593925397
1911.13333333333,386.592259342329
5683.33,369.516813467796
1991.74666666667,755.445316911039
1142.99666666667,870.750128439565
1524.76666666667,376.540596081974
583.33,376.540596081974
624.746666666667,335.058934041229
512.363333333333,394.680949873127
2117.35666666667,492.391099830078
2738.72666666667,492.391099830078
2187.56,492.391099830078
650.58,429.517966514551
605.66,429.517966514551
980.826666666667,429.517966514551
1483.01333333333,525.217173152083
649.82,358.382221470245
613.02,417.805318940273
800,417.805318940273
700,484.384740483248
1573.26666666667,484.384740483248
1016.91333333333,391.881794200268
317.5,525.952771433809
643.844166666667,377.504195379489
700,405.769774773269
1362.15,927.672756915674
470,927.672756915674
572.23,425.471662274576
516.853333333333,425.471662274576
516.413333333333,338.771498407337
417.666666666667,667.25819012478
566.47,667.25819012478
425.58,281.968525145006
470,281.968525145006
719.756666666667,265.821187523447
543.97,265.821187523447
255,546.116182087992
772.5,256.528765450121
632.466666666667,869.893906433958
447.5,337.004903218967
312,337.004903218967
312.4,256.842616963768
517.45,276.300390976174
386.1,902.242013436824
612.7,279.069381893324
275.833333333333,279.069381893324
393.2,350.954696344014
995.93,353.087218855854
359.333333333333,365.856049730009
1381.32,582.08553972269
1660.61333333333,582.08553972269
1472.28333333333,582.08553972269
3885.83333333333,2149.23891589916
2719.58333333333,607.032062853663
503.08,333.769167735161
484,270.48027804149
269.5,270.48027804149
330.733333333333,270.48027804149
268.705,292.269184820839
423.15,500.445955613317
786.07,293.31078345321
391.83,256.476405996295
343.2,256.476405996295
545,717.022274348775
860,351.39782096061
1052.11666666667,297.152609928194
556.666666666667,297.152609928194
512.673333333333,299.731734334464
322.5,299.731734334464
780.796666666667,382.925575378885
375,381.002765583665
585,320.088413355307
503.08,353.087218855854
636.08,353.087218855854
743.896666666667,349.708408359838
333.85,341.376771043875
395.733333333333,341.376771043875
557.7,298.450674089697
439,298.618256996418
374.166666666667,299.385803565879
729.356666666667,401.235475972562
1056.63333333333,311.547546049283
895.666666666667,323.248862332825
502.636666666667,746.527262723807
973.333333333333,746.527262723807
519.683333333333,318.759294800424
911.666666666667,321.39990434315
426.67,325.211912104076
743.666666666667,744.868927449337
1998.00666666667,414.737368179893
2511.25,284.577758480838
2267.89,410.036770284218
427.246666666667,397.223121212836
1172.22333333333,397.223121212836
933.88,374.272451987206
481.1,351.027538746742
565.276666666667,358.875533919065
503.913333333333,211.114582092922
843.333333333333,352.987856349572
429,306.346818273352
1190,338.891124692207
312.4,291.753263929717
352.4,291.753263929717
355.3,291.753263929717
337.4,291.753263929717
484,300.049786172626
257.4,300.049786172626
373.763333333333,656.277862402284
445,656.277862402284
501.344166666667,283.398379222564
692.466666666667,361.437758702342
785.83,361.437758702342
271,453.56433213951
335,451.131420013091
513.083333333333,407.26106429281
1298.83333333333,407.26106429281
592,661.331223913919
265.95,291.93049741343
1188.67,291.93049741343
425.58,303.301866950768
420,311.547732797322
444.166666666667,522.885581005149
305,522.885581005149
1025,341.995872573704
1294.11333333333,347.894759755033
623.913333333333,276.584988103753
817,105.995031542027
423.67,105.995031542027
386.67,123.153813915651
421.6,234.856564227864
868.83,130.973103688073
810.95,121.481485110335
1736.66666666667,177.996553941118
1345.36333333333,177.996553941118
347.625,261.946207376146
1586.78666666667,261.946207376146
1748.03,261.946207376146
1177,118.622703434074
2034.55,135.060401724949
596.5,158.39574294165
405,156.674050083588
2382.33,156.674050083588
1061,153.661087581981
482.59,153.661087581981
1924.81666666667,118.719716481249
306.6,211.301037960271
1448.33666666667,211.301037960271
565,130.764008763123
590,168.350221264743
320.9,257.673296179487
602.806666666667,121.050898863219
1030,110.455105292129
1677.83333333333,115.827149852487
376,136.619554268815
450,151.258500218886
206.5,148.268564761507
1031.66666666667,134.636687008019
400,134.636687008019
2834.17,149.47808134592
984.663333333333,144.668258353368
556.83,144.668258353368
1516.16666666667,167.57810485131
748.14,105.485440044229
351.67,155.919346681756
515.58,150.574834580537
520,150.574834580537
816,131.540711584409
600,141.41926304727
484.34,131.460179173574
452,281.683139958533
376.666666666667,281.683139958533
460,125.019780793161
335,148.436927268456
545,233.803226418378
301.67,129.612285764556
1687.39333333333,131.063868819925
977.5,278.531644593045
430,131.687502435462
710,131.687502435462
1018,293.90963241487
355,293.90963241487
216.67,122.360169775349
1466.54,252.398425374871
1113.06666666667,113.662541063036
1551.33666666667,144.063914620004
488.423333333333,144.063914620004
645,292.151487748228
1027.4,123.503201636629
533.333333333333,123.503201636629
1331.29333333333,114.435203122336
647.976666666667,131.145244940275
929.493333333333,131.145244940275
633.996666666667,191.961325517918
832.333333333333,191.961325517918
1558.35666666667,52.2817948376373
429,43.2817404289363
566.25,43.2817404289363
2030,37.1751996966438
666.47,37.1751996966438
1408.33,52.2817948376373
1544.97416666667,54.1055717807112
450,61.4185354379848
2016.66666666667,58.4990893588699
2045.35,58.4990893588699
607.99,58.4990893588699
707.5,58.4990893588699
438.92,47.2525677962289
655,45.5452915202343
1840.02666666667,49.3738612138047
1632.46,49.3738612138047
1328.66666666667,45.777636107019
485,44.1237899625227
635,51.6509816759863
1816.43666666667,50.8505015260291
1064.90666666667,54.7134995535282
1187.99,72.3852368329451
1614.21333333333,72.3852368329451
1384.50333333333,45.6738778881627
2128.72666666667,45.6738778881627
781.67,62.2490309844384
425.59,49.2319068861776
591.67,52.7239177515817
802.47,52.9883055786865
1196.30333333333,49.5230386106835
1260.07333333333,49.6867265387837
5009,91.1493050019404
3132.55,41.3014404038317
1519.24666666667,41.3014404038317
1060.00666666667,43.0140362932867
1714.79,40.8447704401693
1546.66666666667,39.1592264833965
1079,135.270852640561
1310.51666666667,38.4627040127126
2492.33333333333,53.5447125035553
1897,53.5447125035553
820,50.0924876184577
1490,59.2507165896744
859.656666666667,59.2507165896744
470,59.2507165896744
873.33,81.4912687586247
3133.39666666667,47.7229413190781
1186.16666666667,47.0595887951349
1150,47.0595887951349
350,47.0595887951349
467.5,32.7725990805994
2618.73333333333,31.1290334941777
2065.16666666667,44.9054879667436
670,44.9054879667436
1310.23333333333,50.1981679720831
556.666666666667,56.2767423979147
528,56.2767423979147
612,55.1589884553743
635,38.2994496874697
461.333333333333,47.469740457709
612.8,50.2369404991486
932.103333333333,52.8553052290687
650,52.0817109674091
1838.91666666667,74.6962675295404
1985,46.0680072130481
1047.66666666667,50.4497960556145
568.333333333333,82.4987157625088
320,82.4987157625088
1353.33666666667,115.500497254633
1788.16666666667,50.7265697402103
1595.16666666667,50.7265697402103
2519.5,50.7265697402103
1434.33333333333,65.7566644780504
980,69.1725951002868
2474.08333333333,45.6539127661893
2100.35666666667,44.8959295401861
1020.83666666667,44.8959295401861
1392.66666666667,42.6555859908426
2903.03333333333,60.9365514154894
1323.14333333333,60.9365514154894
745,45.4218527292256
1789.89666666667,45.4218527292256
667.5,63.777596031502
222.216666666667,47.4120994408275
513.33,47.4120994408275
55,54.4885321931898
400.7,54.4885321931898
361.253333333333,43.5281642126225
1783.33,45.3528767383463
1494.17,45.3528767383463
625,57.2508987133891
643.5,90.4326479676889
280,56.416697814705
1795.94333333333,53.3394233884484
360.416666666667,50.956578146878
655,60.0835435095436
360,62.1153541596247
1158.75,59.2413601611943
1088.83333333333,51.7627951330206
1512.08333333333,71.3358439424241
688.33,71.3358439424241
889.166666666667,86.4404299520146
1068.66666666667,70.723436587041
346.666666666667,67.6419612328189
373.286666666667,67.6419612328189
171,75.603469443616
235,143.563511207218
230.55,87.9430559299728
503.08,87.9430559299728
456.33,99.0946581081129
1044.83,99.0946581081129
522.75,141.746251571684
147.791666666667,64.8364637177589
800,75.3233876858491
484,73.0749283519431
325.833333333333,73.0749283519431
956.583333333333,73.0749283519431
3336.63666666667,124.391688688089
410.2,63.7369508630411
377.916666666667,88.7687051753013
535,88.7687051753013
96,125.866074502293
352.4,125.866074502293
318.541666666667,147.44704478114
407.5,71.1267422674516
879.283333333333,66.8764728909051
2928.1,66.8764728909051
1868.91666666667,64.6513524415854
445,78.7855509532244
503.913333333333,78.7855509532244
260.25,154.011278104689
290,90.4602095880758
545.17,133.926912828118
815.833333333333,133.926912828118
1731.66333333333,133.926912828118
257.333333333333,58.3507296633474
605.1,77.6005422213719
480.473333333333,77.6005422213719
540,72.7651595769718
641,223.492990129271
1759.14,223.492990129271
251.083333333333,223.492990129271
191,82.8037998668176
2286.14666666667,125.670106550819
1976.58333333333,94.327383547966
405,65.5201049900192
3455.67,65.9345507375121
183.333333333333,178.221190619581
482,178.221190619581
235,136.11947729277
854.85,92.513900832778
887.5,67.3064615609256
411.875,84.7316302704489
1495,96.1006697153323
196.25,70.1866054790844
862.5,71.1852657202562
94.0833333333333,80.1828795927722
343,124.603612797298
1980.24666666667,232.245243010612
1248.69333333333,257.696394418338
520,257.696394418338
896.713333333333,262.080812240038
1660.46666666667,262.080812240038
477.5,204.968548526691
465,204.968548526691
438.75,204.968548526691
452.75,251.267307245331
479,198.611770587035
486.1,215.577552418839
444.166666666667,215.577552418839
214.5,174.323067329616
307.816666666667,174.323067329616
312.4,174.323067329616
351.656666666667,189.427828517343
558.08,200.274257506011
615.4,237.593002034517
503.923333333333,192.594049820607
600,192.594049820607
410,192.594049820607
558.08,214.1683398621
330,214.1683398621
533.25,214.1683398621
1512.15,315.427330020255
710,315.427330020255
2405.77333333333,470.086769790561
300.3,216.661219248483
489,216.661219248483
240,201.627116221501
633.046666666667,216.142009462096
708.393333333333,216.142009462096
576,216.142009462096
478.08,214.602330005729
333.75,183.614362160509
750,183.614362160509
514.8,219.371270672523
2697.08333333333,358.323986591297
1319.81333333333,286.256941853751
416.75,135.518440736158
425.83,224.856073447855
295,213.167703309923
269.5,216.123299466918
460,400.463760776937
560,400.463760776937
366.966666666667,199.362854488532
1636.49333333333,199.362854488532
1122.5,298.503746438497
503.913333333333,203.687713764714
525.833333333333,190.578199945586
564.08,236.923653454564
398.2,183.289182817137
839.8,183.289182817137
1461.03333333333,205.726457603619
388.5,247.33508100001
928.68,214.280936914086
703.5,205.93109602125
376.75,205.93109602125
395.533333333333,373.461061478835
263.483333333333,224.628332520134
286.666666666667,233.816811409081
525,202.870468722585
455,202.870468722585
1618.6,283.686215049663
1369.33333333333,398.665097664489
970.7,347.190946054716
514.8,243.981351555105
635.163333333333,205.76263105264
425.59,205.76263105264
484,506.124597323845
1003.25333333333,247.150869172055
514.8,247.150869172055
300,234.927646838003
943.8,267.352552716131
503.913333333333,181.543571552211
693.5,205.749381092506
474.666666666667,221.917852159741
310.583333333333,210.680194147011
500.64,285.923072960538
569.8,191.148856638336
501.666666666667,191.148856638336
457.583333333333,226.216279148728
873.808333333333,226.216279148728
459.166666666667,246.199363841969
518.32,246.199363841969
1031.66666666667,357.986062271215
1120,293.528519781064
2599.66666666667,823.044033171637
2283.5,298.920439093833
307.4,213.33953041838
308.33,213.33953041838
1308.63,492.514745209857
1754.58,204.090044532585
961,300.395880592005
429.83,277.198887186348
785.576666666667,227.643753261129
1021.91333333333,227.643753261129
896,227.643753261129
425,224.391699643113
1632.93333333333,274.493731570867
1235.26333333333,274.493731570867
1253.49666666667,381.210455321118
208.333333333333,381.210455321118
1434.07666666667,242.02342444278
521.1,238.416764093834
647.33,241.088971066553
324.333333333333,237.056929926042
321.75,450.01390606061
1506.66666666667,225.160366861917
491.67,215.64662370285
333.85,249.743903934465
251.685,249.743903934465
943.39,238.344058713956
356.4,222.2875098182
320,216.825449998602
267.083333333333,216.825449998602
760.5,276.07176044554
386.1,276.07176044554
343.2,276.07176044554
940.71,191.340219131136
312.4,191.340219131136
263.05,191.340219131136
360,217.671370586751
425.58,254.382860787039
2970.58,254.382860787039
1328.25,253.42899522081
196.6,214.252944245769
704.066666666667,214.252944245769
1565.56,214.252944245769
384.62,229.901879661912
655.833333333333,229.901879661912
727.041666666667,277.396681751038
333.85,449.547193985371
376.75,449.547193985371
681.1,222.036438178731
337.083333333333,216.907220379176
1835.38333333333,216.907220379176
680,233.016711412634
1525,233.016711412634
441.1,365.291041279579
370,258.661829606632
264,225.324742685821
1001.88833333333,184.716931441745
600,485.541648361158
295.416666666667,450.572219314779
376.75,450.572219314779
470,193.996372204974
632.466666666667,244.603631526391
435,176.596366166209
250,208.898498063169
376.75,208.898498063169
611.416666666667,208.898498063169
704.246666666667,233.401147236674
331.65,233.401147236674
2419.17,143.960796322751
3675.76666666667,56.8983809230171
905.066666666667,50.2217403384432
1600,58.8912398584053
581.7,58.8912398584053
1139.51333333333,52.0078481866436
527.003333333333,52.0078481866436
1738.27,88.4137729375798
674.133333333333,66.6923645245201
574.5,60.6002735342995
761.84,47.3969606049456
409.55,50.743273795804
1118.17,73.6727759438582
788.583333333333,66.2977351486353
534.17,55.4059643742167
790,55.4059643742167
747.33,55.4059643742167
775.253333333333,49.057364289671
600,49.057364289671
772.2,42.1369919495121
400,42.1369919495121
525,79.8662019997551
680,55.4290265562273
1096.08666666667,70.4986285048276
756.35,64.6713837813528
1208.30333333333,107.970597242063
2062.72666666667,55.8795196252783
1799.77666666667,58.2861928735586
1399.98,54.7219401226831
507.4,120.041321793571
215,111.32864521178
280,111.32864521178
588.33,65.4708926467816
749.24,169.110573993593
624.35,59.6966619520179
2597.3,59.6966619520179
1362.68,65.4444824440197
550,63.1207189073354
450,49.371833963485
1176.625,73.477443793764
1037.92,58.0241261645692
1567.59,62.555121067664
543.33,67.1587446960202
1160.36666666667,60.6827228860468
480,58.1822959165648
276,58.1822959165648
1000,58.1822959165648
2104.4,69.345906879607
3347.81333333333,69.345906879607
391.75,53.7604414269058
1166.75333333333,53.7604414269058
570.58,53.7604414269058
429.133333333333,68.7766841282378
1042.41833333333,80.3728495551908
543.3,136.257630905481
540,112.296720387534
445,112.296720387534
250,54.8575932927611
818.916666666667,54.8575932927611
296.583333333333,51.4817413978219
1679.71666666667,55.6045520601457
1457.99666666667,55.6045520601457
535.666666666667,107.13365278351
579.913333333333,61.5621826380185
305,81.1892380732864
1106.18,81.1892380732864
1066.42333333333,64.2954588054942
268.33,64.2954588054942
830.833333333333,47.4886628504499
213.33,47.4886628504499
400,56.1333512763137
470,79.5821423824562
1245,92.7738710098165
1240.53,47.4886628504499
399.25,66.0784646480986
375,66.0784646480986
553.35,46.6289542988469
2816.62666666667,46.6289542988469
312.4,46.6289542988469
423.333333333333,81.4015900473229
1626.66333333333,112.740382662395
1085.66666666667,112.740382662395
1508.67,112.740382662395
533.68,52.1485763400321
160.916666666667,87.5387127012145
904.333333333333,87.5387127012145
553.066666666667,56.2405578295534
312.4,89.3747306455096
327.4,89.3747306455096
183.7,68.0234156830237
793.246666666667,68.0234156830237
190,76.1113205370769
1900,605.467654822982
1025.58,252.280523094585
2015.08333333333,677.149048740038
2002.00333333333,677.149048740038
594.746666666667,379.668325690147
923.833333333333,479.926595110521
1509.7,217.737497624711
670.416666666667,192.816058435729
80,449.734236749485
220.03,258.661829606632
622.666666666667,270.127368185133
152.5,270.127368185133
688.55,193.996372204974
269.5,193.996372204974
318.233333333333,234.41228308101
203.7,219.101785078559
659,634.918593992747
95,212.162537095406
503.08,216.819474817324
115,216.819474817324
482,243.783051797401
820.31,243.783051797401
1244.85666666667,244.328202257907
231.6,236.433078624812
290,387.992744409948
325.85,387.992744409948
358.333333333333,235.678238670345
526.9,235.678238670345
1181.05333333333,235.678238670345
369.67,287.739229487577
421.25,279.741360719577
487,279.741360719577
1674.9325,381.574291180559
2416.67,406.681510944869
507.75,242.02342444278
610.58,211.68172825186
251.67,240.837799368509
320,240.837799368509
955.4725,240.837799368509
569.8,243.923137350494
1358.91333333333,243.923137350494
837.036666666667,272.407314826763
329.166666666667,331.239516604794
1431.49666666667,331.239516604794
305.666666666667,199.052872129864
360.666666666667,199.052872129864
386.1,222.73433948719
278.85,222.73433948719
333.85,226.329100905803
1156.67,201.193717167931
463.666666666667,237.804154291451
500,276.598199363177
503.08,276.598199363177
385,192.465749831907
533.583333333333,192.465749831907
1089.37333333333,304.757257972747
554.513333333333,304.757257972747
460,277.785846898932
355,213.64389980989
297.5,213.64389980989
571.2,246.990583328688
376.75,234.930982615967
340.336666666667,234.930982615967
778.066666666667,234.930982615967
240.24,522.246245157923
415,204.734897541427
641.54,229.158558320593
4876.36,276.05658407981
912.17,276.05658407981
1545.76666666667,189.163510967854
1328.66666666667,49.5538907308022
4023.83,52.4349308895698
2848.52666666667,59.3342639013553
1083.33,59.3342639013553
1448.6,55.1850146774843
630,55.1850146774843
133.33,65.3409709636242
2140,55.0598785897803
680,55.0598785897803
1854.5,43.359654389452
1005.98666666667,43.359654389452
973.923333333333,44.0479028718242
1293.26,50.7479603869662
2925.12,50.7479603869662
990.466666666667,50.7479603869662
773.333333333333,45.6824930174583
1860.67,45.6824930174583
2169.66666666667,46.821571611998
204,48.9418453489019
138,42.0261498104701
211.666666666667,42.0261498104701
221.7,42.0261498104701
430,42.5264611177376
255,49.6672679578283
162,48.4917113197732
312.4,46.3185540766329
1050.92,39.5045808218419
125.833333333333,39.5045808218419
899.76,78.5009260649428
503.746666666667,50.5447558138948
140.666666666667,50.5447558138948
2717.18666666667,85.7957567360891
995.83,85.7957567360891
1354.99666666667,48.1380652813507
1206.66666666667,48.1380652813507
1867.83666666667,54.7311628967069
867.433333333333,54.7311628967069
533.333333333333,56.7183086677857
1663.96666666667,56.7183086677857
450,68.0284329360585
1110.66666666667,68.0284329360585
627.013333333333,37.5156799279734
1267.08333333333,43.1935428607609
258.333333333333,41.0516405648629
139.43,41.0516405648629
1275,55.7353244310297
900,55.7353244310297
480,55.7353244310297
3945.92,54.5092798038825
1165.47,42.3721674364831
301.666666666667,33.8224968480079
429,33.8224968480079
915.083333333333,33.8224968480079
972.666666666667,55.1727876012725
1168.92,79.8496846398932
1641.66666666667,79.8496846398932
704.166666666667,48.8710006724558
891,48.081992986323
3467.5,90.4358505837141
1315.68333333333,87.6170241906938
1369.87,55.8353698375236
1063.03333333333,97.5346420733251
841.416666666667,56.6330179780597
565.833333333333,47.3672775748418
599.413333333333,41.5790631103587
1200.1,50.1691366278179
1678.33333333333,44.7693274017318
672.833333333333,44.7693274017318
343.2,43.9839006052102
953.33,56.6816943074049
420,56.6816943074049
1383.59333333333,50.2421392131745
863.913333333333,50.2421392131745
1417.49666666667,50.2421392131745
249.75,53.9262928541083
310,53.9262928541083
85,53.9262928541083
80,65.0522763760316
120,65.0522763760316
156.5,46.7156821214875
2551.25,51.6630026239367
80,69.1915213713439
124.166666666667,69.1915213713439
99,69.1915213713439
55,59.8821166777448
211.096666666667,79.0342518823766
857.42,79.0342518823766
325,79.0342518823766
187,41.5987813335594
25,41.5987813335594
239,59.6584673157365
119.73,65.5139446190039
202.9375,38.5686932031233
938.7,55.3532170970751
10,55.3532170970751
55,55.3532170970751
85,49.9674986768191
60.1666666666667,49.9674986768191
258.33,49.9674986768191
74,45.9226689990549
318.94,49.1626658160216
9.16666666666667,44.9435076131475
321.75,58.567274864002
151.166666666667,58.567274864002
120.416666666667,58.567274864002
6116.78333333333,50.6782263123045
537.583333333333,50.6782263123045
2282.1,42.4832353510886
730.27,42.4832353510886
648.333333333333,47.5643568000277
890,37.0192376967024
1199.66666666667,108.906474095626
1371.41666666667,107.426139181494
1527.33666666667,50.41966393316
235,34.7507837570088
420,46.4626776497981
753.336666666667,40.7370817052
1498.61666666667,40.7370817052
1344.33333333333,59.8459489293595
429,85.6650729416341
97.5,85.6650729416341
321.916666666667,85.6650729416341
290,85.6650729416341
700.58,37.7155333669517
425,37.7155333669517
1177.2,37.7155333669517
337.5,42.4794464428395
324.551666666667,41.6357859391438
272.166666666667,40.7190889475859
1038.46666666667,45.1068304427188
312.666666666667,70.8629650053438
708.333333333333,46.9359491900792
1216.82666666667,47.1678134415475
220,47.1678134415475
250,47.1678134415475
315.666666666667,45.9225425047825
3323.83166666667,44.6360116906409
446,44.6360116906409
735,44.6360116906409
515.006666666667,52.7856780141846
454.003333333333,52.940647129818
615.36,52.4364504904864
315,40.8787716493412
416.916666666667,103.021097906606
378.575,38.3238484212574
568.513333333333,38.3238484212574
319.166666666667,38.3238484212574
462.083333333333,38.3238484212574
520,44.2853359534529
135.833333333333,44.3749823825085
501.333333333333,37.9246416668692
771.62,46.6551198171829
215.243333333333,35.8626838437454
285.796666666667,35.8626838437454
438.75,52.594629828316
1163.41666666667,36.1947457311875
1638.24666666667,84.9660515386015
743.333333333333,84.9660515386015
426,33.8151603716977
1631.86666666667,33.8151603716977
300,30.076944330607
905.59,30.076944330607
800.46,40.5781924460372
2186.07666666667,38.7544534596984
577.513333333333,43.5981799892619
2541.67,25.4651674772627
788.4,34.2884410305718
355,62.175997099022
1694.13666666667,31.3121073825921
731.67,31.3121073825921
1318.52333333333,31.5376565431933
2094.28333333333,31.5376565431933
3065,29.0714636239559
771.67,29.0714636239559
803.24,29.0714636239559
676.503333333333,26.8800801241878
511.67,26.8800801241878
511.33,27.257806740312
1232.88333333333,28.6676932958454
3619.32666666667,33.8372773328011
300,35.9259981558135
363.336666666667,35.9259981558135
1558.83,35.9259981558135
1077,43.9445160166248
2028.58,47.8927617633493
1122.51666666667,47.8927617633493
498.683333333333,60.9814668415317
1612.97666666667,60.9814668415317
355,27.1807637591353
1362.66666666667,41.1299990737082
983.770833333333,27.6556049418142
20.75,27.3798235592011
413.08,27.3798235592011
580,55.3421965558321
116,55.3421965558321
271.666666666667,55.3421965558321
446,32.3828951983042
160,32.4953358066317
105.036666666667,32.4953358066317
724.123333333333,32.4953358066317
25,32.6423735252137
35,33.6731227847686
95.4166666666667,29.180916774007
411.84,31.1835287094781
755.836666666667,31.1835287094781
116.25,36.9786495168514
361.166666666667,33.3468820091373
365.8,32.1239974678491
1110.89166666667,32.1239974678491
1026.67,31.349242234801
2622.32,79.5633277825323
3102.11,79.5633277825323
2182.39333333333,46.3391597955532
1348.96333333333,46.3391597955532
429,46.3391597955532
179.666666666667,52.369598399084
1230,52.369598399084
295.916666666667,32.9983595807281
390,51.9654719406415
461.666666666667,51.9654719406415
868.083333333333,27.8773104681567
1487.45666666667,27.5254609185586
1790,20.4804573330112
733.33,24.3205430829508
228.5,28.6481590432255
350,32.0563679994958
2401.66666666667,32.0563679994958
311.791666666667,34.1819449315433
989.966666666667,566.64818410126
50,526.621932224183
536.67,984.238891238307
573.196666666667,984.238891238307
919.726666666667,984.238891238307
519.086666666667,525.873889706819
1075.01333333333,532.14290568669
296.67,1245.9030089346
1261.58333333333,671.718980991291
558.33,671.718980991291
500,438.341444345308
360,454.809850557249
530.833333333333,371.693037602746
1240.80666666667,1057.58570699185
931.633333333333,479.066375920302
1454.43,1153.99482897291
1288.83333333333,667.82187719862
3108.56666666667,598.736855419453
5049.50333333333,1881.43510879505
2034.33333333333,1263.36035198015
2297.73,1194.6412529327
829.67,544.722555107473
2451.53333333333,514.132734544965
820.59,492.340028069005
956.433333333333,423.793315600803
887.39,375.712485242945
678.913333333333,518.468375032084
948.79,1395.79536818772
3620.4125,569.660667801958
879.413333333333,487.046049272564
4489.66666666667,1868.24197504943
532.75,546.854701265264
1654.94666666667,1032.06822600224
2105.66333333333,1032.06822600224
525,487.046049272564
1197.16666666667,487.046049272564
5008.34,1309.08196471848
747.83,461.940582815215
943.816666666667,497.869294811954
1719.68666666667,497.869294811954
780,480.948347715712
979.4,480.948347715712
1055.00333333333,480.948347715712
480,425.616817832781
1541.08333333333,425.616817832781
635,425.616817832781
1597.76666666667,526.009733214369
1818.27,526.009733214369
523.836666666667,1039.56537270228
250,1039.56537270228
468.33,1039.56537270228
920,473.760260997134
1107.75,487.046049272564
593.333333333333,486.022291281766
2403.33333333333,527.633220045278
1506.36,391.83617894163
896.04,391.83617894163
1208.33666666667,519.954566115305
1167.66666666667,519.954566115305
818.33,519.954566115305
1276.80666666667,461.040122482691
320,461.040122482691
470,461.040122482691
1061.59666666667,1337.67603105073
567.003333333333,1337.67603105073
1514.6,538.084893617027
1567.15,538.084893617027
1636.10333333333,484.471362550113
383.333333333333,485.961210184458
597.08,502.110075015203
965.25,502.110075015203
1326,384.839104317672
1318.56666666667,414.679569625727
470,535.66493510076
593.183333333333,535.66493510076
985.67,419.608903988671
1801.72666666667,599.441291412387
1201.70333333333,599.441291412387
440,410.07445542047
2472,1115.24224174799
1210.5,516.386172722719
529.5,559.444786326594
2933.75,569.095247784289
3044.83333333333,626.295361375077
4360.13666666667,626.295361375077
2319.88333333333,626.295361375077
1099.84666666667,617.171445134317
4053.66666666667,617.171445134317
1254,650.396614661849
1751.60666666667,577.608510207706
425,577.608510207706
716.5,688.186754964866
3600.41666666667,685.006701557542
636.423333333333,639.192222404782
878,639.192222404782
275,654.292608246739
672.166666666667,654.292608246739
1213.83333333333,654.292608246739
911.116666666667,506.335001719002
1225.76666666667,612.864170747817
1858.7,612.864170747817
1592.5,612.864170747817
731.35,612.864170747817
1545.75,1144.98544916708
3000,865.859643151225
5879.66666666667,1040.8148503137
4168.58333333333,566.191032279356
450,492.089346504565
998.2,492.089346504565
650.5,572.180134572023
1682.46333333333,89.8776332471081
509.17,60.5470744628606
1013.06333333333,60.5470744628606
923.761666666667,82.1364485904223
1650,82.1364485904223
802.256666666667,97.6082845773823
741,86.8007412981081
503.933333333333,74.7325610782464
948.333333333333,100.823909771909
1006.16,99.1105622855888
1608.43,232.842988532175
812.666666666667,76.0409276620666
3241.67,206.130241471238
792.833333333333,63.369363939237
2000.76666666667,71.3373851741453
909.166666666667,58.8172678543586
784.496666666667,66.2478035313463
622.5,66.2478035313463
986.966666666667,66.2478035313463
460,66.2478035313463
854.333333333333,76.2645919579451
1400,76.2645919579451
1103.09,76.2645919579451
600,60.332605281799
1009.66666666667,60.332605281799
465.11,60.332605281799
4432.65,122.743232163215
460,122.743232163215
770.003333333333,122.743232163215
268.33,121.047869793715
543.063333333333,56.1678413744325
338.67,83.4234221408255
1232.3,110.399692838531
770,110.399692838531
2141.66,78.2142024498685
1227.16666666667,82.7611683376961
1050,82.7611683376961
4218.87333333333,77.3169566007222
784.3,55.562261615042
722.333333333333,163.263523144865
1103.25333333333,163.263523144865
1660.7325,89.4146272576533
1394,89.4146272576533
643.5,82.5363297412082
504.205833333333,97.6508339603715
435,97.6508339603715
952.75,64.5788883514858
647.133333333333,92.6430988854807
642.5,92.6430988854807
930,80.8154439567083
656.05,80.8154439567083
1531.60333333333,90.1117176999569
742.246666666667,90.1117176999569
1135,70.203314952292
1039.16666666667,70.203314952292
567.433333333333,83.241073443432
520,83.241073443432
825.205,83.241073443432
578.66,83.9212040809008
935.766666666667,68.4107039928832
1659.73333333333,76.8851568351585
416.53,76.8851568351585
719.583333333333,82.8421652769673
1046.66,99.5269958165546
1659.5,113.343301740373
392.6,68.7832800933891
1344.00666666667,68.7832800933891
1117,156.007366560649
493.196666666667,156.007366560649
939.29,102.604844930273
1011.08,67.1984958327628
810,67.1984958327628
1165.33333333333,58.7036661781551
1502.42,181.366417070574
910,181.366417070574
1045.83333333333,97.4062739956619
1363.33333333333,97.4062739956619
3953.33,95.4225788089525
2674.5,111.567149417182
580.67,97.7311895865884
600,99.0251790309249
1497.95333333333,186.311451698
782.5,86.0257346793749
895.833333333333,71.6881122328124
1487.61333333333,97.7920881922335
300,97.7920881922335
831.666666666667,82.0553161557115
1713.87,123.125908140584
3317.16666666667,107.593101267464
671.67,107.593101267464
1173.96666666667,107.593101267464
2202.6,126.17107752975
528.833333333333,79.4704044517525
840,79.4704044517525
760,79.4704044517525
1108.71666666667,65.4482195408327
333.33,79.1978454947891
166.67,79.1978454947891
400,76.5299118860852
274,76.5299118860852
702.98,79.5540739053302
1036.39333333333,79.5540739053302
532.75,79.5540739053302
393.25,50.611953203153
80,50.611953203153
404.583333333333,158.017303285973
300,158.017303285973
308.88,89.3496735756444
1678,159.031999177641
424,132.592150058221
395,132.592150058221
270,132.592150058221
130,67.4126596147027
672.316666666667,67.4126596147027
352.5,91.9399820574794
515,58.6577687556504
1677.74333333333,87.4840231101139
1226.38,87.4840231101139
516.67,87.4840231101139
993,74.4648066510961
272.55,64.4167070586393
1339.06333333333,64.4167070586393
1054.33666666667,152.807632048668
1531.35,67.2646035812317
959.67,46.7849340980174
1191.02666666667,73.1660018839258
1023.00333333333,71.0015260024113
220,258.600870486907
808.27,258.600870486907
526.666666666667,73.8356205277176
730.856666666667,73.8356205277176
1747.87333333333,73.8356205277176
1077.55666666667,73.8356205277176
2353.82,161.335150668845
1018.44,161.335150668845
2268.47,71.5778370900932
446.67,75.7349610692387
3600.29666666667,73.4460095451732
2688.33,73.4460095451732
1028.33333333333,75.2921933916638
2024,52.2650121962194
1186.66666666667,62.836350512134
375.83,74.7233801880215
840,74.7233801880215
3960.83666666667,83.1523674270573
2664.26,94.1152417395798
1531.84333333333,142.724212747934
1793.74666666667,142.724212747934
2002.22666666667,29.5434431825102
366.67,83.921107474369
500,58.2884149276552
712.17,65.3492897886068
560,65.3492897886068
937.766666666667,81.632248989036
1293.33,90.2954189378491
3688.70333333333,90.2954189378491
259.163333333333,80.7430911954251
1840.01333333333,84.490450007094
756.53,84.490450007094
1722.41666666667,70.9185802944645
1803.33,84.6375944449617
12503.49,85.9600568581642
986.516666666667,73.9157677413162
500,73.9157677413162
2204.01,78.1752523433329
470,74.2773186875551
720,75.9464719164889
360.833333333333,75.9464719164889
495.006666666667,75.9464719164889
400,159.342934240774
253.33,159.342934240774
1989.72666666667,94.7319864429846
1314.58333333333,91.9265151874965
915.83,91.9265151874965
915.316666666667,56.5793410331715
614.83,70.0929185227295
846.75,70.7420034824269
1108.33666666667,68.7599826881136
1973.33,89.5488250955616
664.996666666667,75.9464719164889
975.63,81.0017409323284
552.96,78.1589378978156
1967.73,78.1589378978156
621.77,70.883373788723
1116.77333333333,92.6509310477335
2689.98,92.6509310477335
195,83.6511864587415
1239.33,75.7227991168847
1795.22,114.237661959725
1573.09,134.506054240397
1478.32166666667,134.506054240397
1947.77916666667,72.8971133193657
2777.61666666667,77.2180935971448
555,77.2180935971448
550,66.8620211485693
1742.44666666667,66.8620211485693
322.1,77.3480903877123
2013.42,144.861007006214
835.646666666667,144.861007006214
2665.2,88.5809354442177
78.125,68.7134745911091
372.4,68.7134745911091
394.333333333333,57.463396126819
610.4,69.1014189860812
269.37,69.1014189860812
553.376666666667,69.1014189860812
1175.39333333333,72.7765641524716
502.416666666667,151.892943832978
328,73.2096621176965
990,73.7451249044168
721.67,96.7446947434507
2408.67,96.7446947434507
257.5,96.7446947434507
442.2,78.8126117360834
880.663333333333,73.7201045162134
616.17,101.621965803915
2718.25,101.621965803915
495.833333333333,70.3026715908949
412.92,137.5131574008
2893.66333333333,137.5131574008
697.5,137.5131574008
400,63.4812703418079
825.563333333333,66.1722299529077
3731.67,70.5846304735131
185.666666666667,64.0492710016341
380,58.6727941756449
631.413333333333,68.3225564113536
1815,52.648554192777
396.25,67.3919945603346
484.916666666667,42.7095163965047
711.58,56.8015678901115
477.58,56.8015678901115
726.666666666667,58.760529194973
539.333333333333,58.760529194973
615,65.3963336376131
426.166666666667,65.3963336376131
800.175,60.6726365279758
798.33,106.902428502104
627.746666666667,106.941175304751
1021.67,106.941175304751
434.666666666667,61.4614117400231
240,55.3670639831052
719.78,57.4082460654317
960.15,57.4082460654317
840,46.053699687691
808.33,60.4774625759887
2400,60.4774625759887
1776.30666666667,60.4774625759887
593.9,62.4694413620009
375.076666666667,127.387306790876
729.213333333333,58.1242560397163
664.25,58.1242560397163
426.666666666667,62.6153980006971
470,62.6153980006971
553.333333333333,60.4855539413297
505,59.4618743799674
2921.24666666667,119.40322430628
283.166666666667,119.40322430628
355.026666666667,133.201438222846
360,133.201438222846
1038,66.382959634371
1873.83,66.382959634371
1010.83,59.4165873469286
664.95,59.4165873469286
481,53.3183775548879
1346.83,58.1090039986247
1826.33666666667,56.8996796866037
1474.47333333333,65.5208432754831
1647.72,63.3238370705751
1945.83666666667,63.3238370705751
1941.6,62.1899391615979
2509.26666666667,62.1899391615979
2423.99666666667,75.4048251928744
1997.21666666667,75.4048251928744
2359.5,75.4048251928744
520,114.477132905546
2017.01666666667,61.4456420991286
2034.19,61.4456420991286
1732.16666666667,61.4456420991286
1067.5,57.3873323145882
1490.41166666667,58.8360146705375
807.116666666667,58.8360146705375
1463.91333333333,60.1268373109258
816.416666666667,60.1268373109258
225,60.1268373109258
680,64.861246431821
171,53.855804172152
709.33,62.2036139519498
1458.00333333333,58.8546366090311
607,58.8546366090311
861.260833333333,139.10943381489
494,64.9425485600546
956.666666666667,43.4349844714205
420,43.4349844714205
2080.61,37.8469051063578
1007.66666666667,37.8469051063578
1741.66666666667,33.8733734891622
1534.37333333333,33.8733734891622
1226.44333333333,38.4546765801118
2178.04,38.4546765801118
660,36.6047502720979
1046,26.998845309389
715.16,81.7001338386313
1055.57666666667,31.4986528609538
1210.83333333333,31.4986528609538
5707.67,31.1208174976023
484,23.0942900503443
1179.16666666667,24.5014690139853
602.666666666667,23.3016548096922
978.37,69.7541821928766
1135.83333333333,69.7541821928766
869.266666666667,29.6059417252323
486.7,46.4507016723472
1229.83333333333,31.778545196697
801.333333333333,31.778545196697
798.33,27.0432513049636
1329.33666666667,30.1723937931242
370,27.2014664217765
1332.59,27.2014664217765
355,26.1506063514651
458.833333333333,26.1506063514651
295.833333333333,53.6775604056389
1150.14,53.6775604056389
1626.00333333333,71.4609326679256
749.366666666667,31.5460192562334
500,31.6177044996649
1149.63,32.5758167572305
556.67,32.5758167572305
320,26.9583470881899
867.316666666667,24.0074877838646
489,20.9107364860737
295,20.9107364860737
1067.5,52.6877137493257
2521.1,52.6877137493257
1265.33,46.0401362118001
871.25,46.0401362118001
833.166666666667,39.4952148875736
5800,20.9273346417273
729.5,26.2115390094708
954.243333333333,37.186263863377
655,24.0074877838646
555,27.5641526407335
2125.21666666667,28.6243123576848
1312.83333333333,26.645347552709
1842.25,26.645347552709
5103.33,26.645347552709
613.75,32.0896105369733
450,31.7354848373519
860.333333333333,21.6701258404306
1052.75,26.6272012848872
445,57.8731229598385
312.4,57.8731229598385
469,34.5804824038293
889.92,31.3807276217581
679.5,31.3807276217581
904.92,31.3807276217581
128.7,31.3807276217581
1137.76333333333,29.7692848519922
803.75,35.5208152586772
277.5,31.0096717208252
814.8,34.9145933449291
750,27.826668380169
385.83,27.826668380169
328.85,31.9284768088496
554.166666666667,31.7247794544291
682.083333333333,30.7771520283036
771.623333333333,34.1106388929077
709.433333333333,34.1106388929077
1791,34.1106388929077
350,37.5341652980201
480,37.5341652980201
400,30.5711511106317
4407.36666666667,7.77732813213643
802.17,7.77732813213643
6163.9,7.77732813213643
1673.66666666667,7.77732813213643
1260,8.5579842077372
1093.34,8.44387775163404
6009.61666666667,7.90276890846121
1759.11666666667,7.90276890846121
1089.08666666667,7.90276890846121
1432.85333333333,7.4124095101007
2305.58,7.4124095101007
1123.33,31.4933818844729
2030,8.78085434273468
1602.13666666667,9.51259220462924
2922.42333333333,9.51259220462924
1020.83333333333,10.0249800751362
2539.76666666667,9.30025755720448
6859.22666666667,16.0890103105459
3910.29,16.0890103105459
1328.06,9.33533893373553
2322.96666666667,8.73605406547583
738.29,9.59252995424797
1091.02333333333,18.1429265204029
1493.53666666667,18.1429265204029
1833.8,18.1429265204029
1128.47,6.93060289194416
1602.73333333333,8.51337033439507
408.5,12.8481764841745
934.95,6.50406799788027
4254.39333333333,33.5738548398679
1092.96666666667,30.1241044112349
741.666666666667,14.3774134689985
1542.18666666667,8.21566483942771
1420,9.18903464664865
3734.20666666667,9.18903464664865
571.666666666667,9.18903464664865
2569.15666666667,12.4246102264545
1115,10.8401133298005
1400,10.8401133298005
699.58,8.44387775163404
1646,8.44387775163404
4491.4,10.497793961491
2081.55333333333,9.66789983245992
1869.24666666667,14.8338392934111
2841.88333333333,14.8338392934111
2626.23333333333,17.572394239887
2446.97,17.572394239887
1876.58333333333,8.44387775163404
2118.00666666667,11.8670714347289
4437.39666666667,10.2695810492846
1991.20666666667,9.53349900068337
876.67,6.50406799788027
1550,11.4106456103163
6292.08333333333,8.15365046111078
7080.21,7.91025791003284
1600,7.63595836834183
906.67,7.63595836834183
2470.69333333333,7.30281319060241
1748.55,7.30281319060241
553.67,9.35672940045934
1217.18333333333,6.96049382229292
2417.86,11.8670714347289
1200,10.497793961491
1750.15333333333,7.27556502683731
2316.53,9.78438055333293
3291.67,5.63561134812068
1359.38333333333,9.58494231266566
2634.75333333333,8.67209066384036
1094.88333333333,8.67209066384036
3802.85666666667,9.69904876876882
3543.34,9.69904876876882
1757.1,6.7322809100866
2000.34,10.7016662302079
5399.92,11.1824326981099
1679.09,11.1824326981099
974.33,11.1824326981099
1500,19.0251844092585
5401.71666666667,14.2633070128953
3942.98333333333,14.2633070128953
1022.73,16.0890103105459
1209.91666666667,16.0890103105459
537.7,32.1780206210919
769.68,15.2902651178238
1010.22,10.497793961491
639.333333333333,76.2852628975826
400,65.7901963398605
1426.33,65.7901963398605
486.67,51.6342053444009
273.3,120.149289063693
1030.66666666667,69.8955905186098
916.67,171.396277737351
1456.32666666667,171.396277737351
376.67,55.8496956316242
1144.89333333333,55.8496956316242
479,56.8484136218027
840,59.2503375370291
775.833333333333,59.2503375370291
495,59.2503375370291
485,57.2493518434673
692.303333333333,70.0953612616394
105.8,120.983659126635
235,120.983659126635
354.166666666667,70.3866027456461
291.836666666667,70.3866027456461
1725.77333333333,82.7102748921366
643.5,109.688613668852
908.333333333333,82.219982025508
420.833333333333,67.4484504397467
520,71.262426173087
2110.33,158.045746813522
1789.71666666667,158.045746813522
549.863333333333,132.291109681093
440,132.291109681093
270.5,127.515324432036
515.166666666667,127.515324432036
684.666666666667,61.9684792491898
436.1,66.5935700447178
736.033333333333,65.4854079703206
582,65.4854079703206
531.996666666667,65.0856829227409
438.333333333333,65.0856829227409
248.05,76.2242908546258
425,76.2242908546258
443.916666666667,54.4622691923518
775,53.0475645522037
279.333333333333,56.716773912289
550.4,63.5351751422704
347.166666666667,63.5351751422704
3890.33333333333,47.2556862920962
358.33,65.9986719787367
856.98,65.9986719787367
429,52.5203955278824
355,76.9546629795395
692,76.9546629795395
615.833333333333,63.4846787021322
567.58,63.4846787021322
1397.91666666667,68.9230628322348
257.4,68.9230628322348
727.5,55.829173329228
1199.82333333333,55.829173329228
685.246666666667,55.829173329228
1488.44333333333,65.2559601590556
167.5,54.6004763782484
1281.33333333333,54.6004763782484
258.333333333333,82.5429762805187
1383.17,193.33171471351
292.833333333333,150.764429515333
747.083333333333,150.764429515333
726.568333333333,150.764429515333
564.81,64.7221035798147
209.416666666667,64.7221035798147
2332.66666666667,61.0236976609682
352.4,71.072325518198
77.3333333333333,71.072325518198
177.375,71.072325518198
207.520833333333,59.0909489693306
598.666666666667,59.8383127749989
429.333333333333,59.8383127749989
523.133333333333,27.9781707890118
308.67,65.0048812578702
550,65.0048812578702
1992.5,65.0048812578702
1448.77,70.5050974996813
1313.49333333333,75.3924483928094
300,41.639872371829
1162.6,64.0931244817858
1242.95666666667,166.6623251466
327,52.8418707675809
622.916666666667,73.6470202904442
737.55,73.6470202904442
553.92,72.602854391907
1605.41,72.602854391907
691.666666666667,68.1731863948084
1027.16666666667,68.1731863948084
2042.43,64.0450155499173
1564.08666666667,64.0450155499173
4622.57666666667,64.0450155499173
576.836666666667,71.6593152445429
739,142.493135497345
1198.04,48.4184562463128
1741.35666666667,55.1486216645503
1599.5,47.5199694293709
602,47.5199694293709
2251.5,35.1195202639922
1393.36333333333,57.5561515445071
1287.34,57.5561515445071
355.036666666667,56.3914245017576
308.333333333333,122.835206297233
764.756666666667,63.8161302346033
125.833333333333,71.0795118022889
251.666666666667,64.9507047042557
287.5,64.9507047042557
211.833333333333,49.3511407147599
127.133333333333,49.3511407147599
309.625,98.8458199138833
1512.04,59.8445155874487
800.22,59.8445155874487
355.166666666667,173.584111872833
64,61.4408726807636
335,82.712894524189
535.666666666667,82.712894524189
311.666666666667,78.803021903835
600,49.5804991962243
655,59.1298045261094
1201.06666666667,59.1298045261094
1950,72.6376675563241
2030.62,72.6376675563241
360.17,45.7070226965193
1379.08333333333,70.2390405279844
588.703333333333,83.459952367964
1990,73.032954894174
1257.46666666667,72.414748468535
871.67,72.414748468535
639.01,57.7359944463313
1724.26666666667,57.7359944463313
525,123.111224881511
486.533333333333,56.8720332333067
2265.66666666667,72.2215940912743
610.013333333333,61.660979802003
393.75,62.8045668960752
515,61.823245538324
414.758333333333,61.823245538324
485.833333333333,69.7026787932084
214.333333333333,69.9794738724198
776.99,69.9794738724198
156.023333333333,58.8792814650705
1177.75666666667,58.8438770380721
2278.61333333333,58.8438770380721
386.666666666667,50.7156327384369
2592.33,132.076449849023
1333,80.1239404901275
516.666666666667,80.1239404901275
515.59,104.266514141522
603.08,115.54809808921
451.996666666667,125.003730769871
714.8,204.968361132907
1614.4575,204.968361132907
1444,204.968361132907
407.48,86.3958732095113
500,86.3958732095113
400,86.3958732095113
600,85.7338358669097
597.536666666667,84.4594139824016
568.3,84.4594139824016
1281.15,84.4594139824016
2601.30666666667,84.784192137768
1010.84,84.784192137768
394.6,92.8958762095999
983.59,86.220386693951
400,86.220386693951
247.833333333333,86.220386693951
1349.66666666667,106.709185595339
638.44,105.083381834766
1105.83333333333,94.4196445576737
723.41,94.4196445576737
1006.51333333333,120.047833794757
531.613333333333,120.047833794757
376.92,122.500622083339
1703.62333333333,158.346676292711
707.85,97.4712704572292
490,97.4712704572292
898,80.4609843170666
215.83,80.4609843170666
661.67,212.142253772559
4180.30333333333,212.142253772559
440,212.142253772559
860.456666666667,100.434496955124
1429.22583333333,111.313010067153
868.57,87.7364570215248
1110.58,84.5494489673241
760,84.5494489673241
929.116666666667,98.2250977377177
768.33,164.847298307803
280,104.943596824011
803.33,104.943596824011
703.07,104.943596824011
436.1,104.943596824011
1864.02,119.0474351798
825.013333333333,112.370356052069
398.2,153.379103050478
892.2425,270.107626038202
808.07,105.046285080615
1515.39333333333,105.046285080615
710,94.8964095052833
500,94.8964095052833
401.13,90.4619978461579
470,90.4619978461579
600,119.23669978263
815,81.141704117773
514.8,81.141704117773
591.97,81.141704117773
2246.1,97.4321434962761
2018.16666666667,106.736078031225
1086.39333333333,182.549946633995
754.8,182.549946633995
625.15,97.3599715381307
1080.20333333333,90.1630487455427
688.246666666667,90.1630487455427
520.9,90.1707827521258
1804.23333333333,88.5090650346643
503.08,98.9878234657941
1161.5,86.6457162970924
1669.56,177.639246315186
1193.76,177.639246315186
3092.61333333333,94.5376691133708
1083.10333333333,79.6676397670038
518.16,79.6676397670038
483.08,102.759709264686
565,95.1638819545639
966.993333333333,82.8785112406971
1386.37666666667,175.851432515911
1471.56333333333,175.851432515911
604,156.823405715471
503.913333333333,84.1763269506987
590,74.1481823713813
360,99.9426561916142
918.83,99.9426561916142
509.166666666667,72.7222557873163
1644.99,72.7222557873163
470,85.6712107128798
633.85,72.476809408092
820,84.7200911860509
445.4,84.7200911860509
1946.47333333333,114.046276596607
994.133333333333,116.713171744902
525.666666666667,88.8738727956042
1106.66333333333,143.083682867779
836.4,245.161823559953
360,245.161823559953
2583.80666666667,108.599106727896
807.496666666667,108.599106727896
662.903333333333,108.599106727896
694.67,146.817599472139
530,306.343113785384
514.8,306.343113785384
470,306.343113785384
637,86.7533733745162
304.5,131.554164539378
441.1,133.23578119524
700,133.23578119524
601.17,114.247604893923
543.34,114.247604893923
738.5,150.556432750622
436.1,150.556432750622
1843.12333333333,150.556432750622
312.4,163.325518763002
705,137.286426005245
484,125.793650616678
426.17,145.184766719645
990.283333333333,143.364440997096
680,112.982130492355
697.56,147.234493843566
514.64,145.789274559387
389.16,145.789274559387
543.288333333333,128.450647975915
352.65,158.128963012286
746.67,158.128963012286
951.77,138.319923057136
484,125.449545142074
664.743333333333,165.597513470466
408.333333333333,159.139210445118
269.17,159.139210445118
549.746666666667,150.338885443545
1017.51333333333,150.338885443545
176,146.246249462502
310.833333333333,146.246249462502
279.166666666667,173.1863480477
203.05,144.753407850492
220,81.9536900062344
536.25,81.9536900062344
529,100.315325172033
867.526666666667,100.315325172033
544.746666666667,135.250290856299
766.16,163.024038598966
312.4,163.024038598966
312.4,122.990653233794
269.5,122.990653233794
200.15,153.177699960181
398.83,153.716648073065
878.333333333333,133.290141713454
312.5,154.08260983629
845,154.08260983629
660.283333333333,169.599571073772
546.1,142.08858075457
201.33,142.08858075457
405,112.687088434781
1320.66,142.561117389072
933.986666666667,135.250290856299
1361.66666666667,153.151064646103
443.913333333333,153.151064646103
390.666666666667,139.6606264277
493,152.517709870263
331.663333333333,126.450748337558
487.25,293.344166719111
375,293.344166719111
287.336666666667,293.344166719111
881.466666666667,160.947846118996
552.4,160.947846118996
750,128.338072939611
171.6,132.0048750236
402.7,190.389161185514
2010.17,138.905704122685
1363.81666666667,138.905704122685
325,163.72403629973
424.5,181.183161797098
950,181.183161797098
474.863333333333,110.467557259287
